date_,close_tsla,high_tsla,low_tsla,open_tsla,volume_tsla
7/20/2020,$109.53 ,$110.00 ,$99.20 ,$101.27 ,"$256,821,000.00 "
7/21/2020,$104.56 ,$111.67 ,$103.87 ,$109.33 ,"$241,608,000.00 "
7/22/2020,$106.16 ,$108.43 ,$104.13 ,$106.60 ,"$212,416,500.00 "
7/23/2020,$100.87 ,$112.60 ,$98.72 ,$111.93 ,"$364,927,500.00 "
7/24/2020,$94.47 ,$97.67 ,$91.10 ,$94.40 ,"$290,949,000.00 "
7/27/2020,$102.64 ,$103.20 ,$94.20 ,$95.67 ,"$240,730,500.00 "
7/28/2020,$98.43 ,$104.31 ,$98.29 ,$100.27 ,"$237,130,500.00 "
7/29/2020,$99.94 ,$102.32 ,$99.13 ,$100.07 ,"$141,403,500.00 "
7/30/2020,$99.17 ,$100.88 ,$98.07 ,$99.20 ,"$114,315,000.00 "
7/31/2020,$95.38 ,$101.14 ,$94.73 ,$101.00 ,"$183,123,000.00 "
8/3/2020,$99.00 ,$100.65 ,$96.29 ,$96.61 ,"$132,139,500.00 "
8/4/2020,$99.13 ,$101.83 ,$97.47 ,$99.67 ,"$126,225,000.00 "
8/5/2020,$99.00 ,$99.99 ,$97.89 ,$99.53 ,"$74,217,000.00 "
8/6/2020,$99.31 ,$101.15 ,$98.48 ,$99.39 ,"$89,884,500.00 "
8/7/2020,$96.85 ,$99.98 ,$94.33 ,$99.97 ,"$133,446,000.00 "
8/10/2020,$94.57 ,$97.17 ,$92.39 ,$96.53 ,"$112,834,500.00 "
8/11/2020,$91.63 ,$94.67 ,$91.00 ,$93.07 ,"$129,387,000.00 "
8/12/2020,$103.65 ,$105.67 ,$95.67 ,$98.00 ,"$327,441,000.00 "
8/13/2020,$108.07 ,$110.08 ,$104.48 ,$107.40 ,"$306,379,500.00 "
8/14/2020,$110.05 ,$111.25 ,$108.44 ,$111.00 ,"$188,664,000.00 "
8/17/2020,$122.38 ,$123.06 ,$111.52 ,$111.80 ,"$303,634,500.00 "
8/18/2020,$125.81 ,$128.26 ,$123.01 ,$126.60 ,"$247,117,500.00 "
8/19/2020,$125.24 ,$127.40 ,$122.75 ,$124.33 ,"$183,079,500.00 "
8/20/2020,$133.46 ,$134.80 ,$123.80 ,$124.05 ,"$309,177,000.00 "
8/21/2020,$136.67 ,$139.70 ,$135.00 ,$136.32 ,"$322,344,000.00 "
8/24/2020,$134.28 ,$141.93 ,$128.50 ,$141.75 ,"$300,954,000.00 "
8/25/2020,$134.89 ,$135.20 ,$131.20 ,$131.66 ,"$159,883,500.00 "
8/26/2020,$143.54 ,$144.40 ,$136.91 ,$137.33 ,"$213,591,000.00 "
8/27/2020,$149.25 ,$153.04 ,$142.83 ,$145.36 ,"$355,395,000.00 "
8/28/2020,$147.56 ,$154.57 ,$145.77 ,$153.01 ,"$301,218,000.00 "
8/31/2020,$166.11 ,$166.71 ,$146.70 ,$148.20 ,"$355,123,200.00 "
9/1/2020,$158.35 ,$167.50 ,$156.84 ,$167.38 ,"$269,523,300.00 "
9/2/2020,$149.12 ,$159.68 ,$135.04 ,$159.66 ,"$288,528,300.00 "
9/3/2020,$135.67 ,$143.93 ,$134.00 ,$135.74 ,"$262,788,300.00 "
9/4/2020,$139.44 ,$142.67 ,$124.01 ,$134.27 ,"$330,965,700.00 "
9/8/2020,$110.07 ,$122.91 ,$109.96 ,$118.67 ,"$346,397,100.00 "
9/9/2020,$122.09 ,$123.00 ,$113.84 ,$118.87 ,"$238,397,400.00 "
9/10/2020,$123.78 ,$133.00 ,$120.19 ,$128.74 ,"$254,791,800.00 "
9/11/2020,$124.24 ,$127.50 ,$120.17 ,$127.31 ,"$182,152,500.00 "
9/14/2020,$139.87 ,$140.00 ,$124.43 ,$126.98 ,"$249,061,800.00 "
9/15/2020,$149.92 ,$153.98 ,$143.57 ,$145.52 ,"$291,894,600.00 "
9/16/2020,$147.25 ,$152.60 ,$145.10 ,$146.62 ,"$216,837,900.00 "
9/17/2020,$141.14 ,$145.93 ,$136.00 ,$138.53 ,"$230,337,600.00 "
9/18/2020,$147.38 ,$150.33 ,$142.93 ,$149.31 ,"$259,220,400.00 "
9/21/2020,$149.80 ,$151.89 ,$135.69 ,$151.04 ,"$328,430,400.00 "
9/22/2020,$141.41 ,$145.92 ,$139.20 ,$143.20 ,"$238,742,400.00 "
9/23/2020,$126.79 ,$137.38 ,$125.29 ,$135.05 ,"$285,222,600.00 "
9/24/2020,$129.26 ,$133.17 ,$117.10 ,$121.27 ,"$289,683,300.00 "
9/25/2020,$135.78 ,$136.24 ,$130.43 ,$131.16 ,"$201,625,500.00 "
9/28/2020,$140.40 ,$142.69 ,$138.52 ,$141.54 ,"$149,158,800.00 "
9/29/2020,$139.69 ,$142.83 ,$137.20 ,$138.67 ,"$150,657,900.00 "
9/30/2020,$143.00 ,$144.64 ,$140.16 ,$140.44 ,"$144,436,800.00 "
10/1/2020,$149.39 ,$149.63 ,$144.81 ,$146.92 ,"$152,224,500.00 "
10/2/2020,$138.36 ,$146.38 ,$138.33 ,$140.46 ,"$214,290,000.00 "
10/5/2020,$141.89 ,$144.55 ,$139.78 ,$141.12 ,"$134,168,400.00 "
10/6/2020,$137.99 ,$142.93 ,$135.35 ,$141.26 ,"$147,438,900.00 "
10/7/2020,$141.77 ,$143.30 ,$137.95 ,$139.96 ,"$129,383,100.00 "
10/8/2020,$141.97 ,$146.33 ,$141.77 ,$146.15 ,"$121,263,300.00 "
10/9/2020,$144.67 ,$144.86 ,$142.15 ,$143.38 ,"$86,777,100.00 "
10/12/2020,$147.43 ,$149.58 ,$146.19 ,$147.33 ,"$116,373,300.00 "
10/13/2020,$148.88 ,$149.63 ,$145.53 ,$147.78 ,"$103,391,100.00 "
10/14/2020,$153.77 ,$155.30 ,$149.12 ,$149.93 ,"$143,639,100.00 "
10/15/2020,$149.63 ,$152.19 ,$147.50 ,$150.10 ,"$107,017,200.00 "
10/16/2020,$146.56 ,$151.98 ,$146.28 ,$151.48 ,"$98,327,700.00 "
10/19/2020,$143.61 ,$149.00 ,$142.96 ,$148.75 ,"$108,863,400.00 "
10/20/2020,$140.65 ,$143.92 ,$139.68 ,$143.92 ,"$94,968,900.00 "
10/21/2020,$140.88 ,$144.32 ,$140.42 ,$140.90 ,"$97,111,500.00 "
10/22/2020,$141.93 ,$148.41 ,$141.50 ,$147.31 ,"$119,979,600.00 "
10/23/2020,$140.21 ,$140.96 ,$135.79 ,$140.61 ,"$101,151,000.00 "
10/26/2020,$140.09 ,$141.92 ,$136.67 ,$137.21 ,"$84,717,600.00 "
10/27/2020,$141.56 ,$143.50 ,$140.03 ,$141.25 ,"$68,059,500.00 "
10/28/2020,$135.34 ,$139.53 ,$135.33 ,$138.83 ,"$76,354,200.00 "
10/29/2020,$136.94 ,$139.35 ,$135.49 ,$136.65 ,"$67,965,900.00 "
10/30/2020,$129.35 ,$135.86 ,$126.37 ,$135.63 ,"$127,533,900.00 "
11/2/2020,$133.50 ,$135.66 ,$130.77 ,$131.33 ,"$87,063,300.00 "
11/3/2020,$141.30 ,$142.59 ,$135.56 ,$136.58 ,"$103,055,100.00 "
11/4/2020,$140.33 ,$145.13 ,$139.03 ,$143.54 ,"$96,429,300.00 "
11/5/2020,$146.03 ,$146.67 ,$141.33 ,$142.77 ,"$85,243,500.00 "
11/6/2020,$143.32 ,$145.52 ,$141.43 ,$145.37 ,"$65,118,000.00 "
11/9/2020,$140.42 ,$150.83 ,$140.33 ,$146.50 ,"$104,499,000.00 "
11/10/2020,$136.79 ,$140.03 ,$132.01 ,$140.03 ,"$90,852,600.00 "
11/11/2020,$139.04 ,$139.57 ,$136.86 ,$138.82 ,"$52,073,100.00 "
11/12/2020,$137.25 ,$141.00 ,$136.51 ,$138.35 ,"$59,565,300.00 "
11/13/2020,$136.17 ,$137.51 ,$133.89 ,$136.95 ,"$59,313,300.00 "
11/16/2020,$136.03 ,$137.48 ,$134.70 ,$136.31 ,"$80,515,800.00 "
11/17/2020,$147.20 ,$154.00 ,$144.34 ,$153.39 ,"$183,564,900.00 "
11/18/2020,$162.21 ,$165.33 ,$147.83 ,$149.45 ,"$234,132,000.00 "
11/19/2020,$166.42 ,$169.54 ,$162.52 ,$164.00 ,"$187,425,900.00 "
11/20/2020,$163.20 ,$167.50 ,$163.02 ,$166.00 ,"$98,735,700.00 "
11/23/2020,$173.95 ,$175.33 ,$167.26 ,$167.83 ,"$150,780,900.00 "
11/24/2020,$185.13 ,$186.66 ,$175.40 ,$180.13 ,"$160,945,500.00 "
11/25/2020,$191.33 ,$191.33 ,$181.79 ,$183.35 ,"$146,790,600.00 "
11/27/2020,$195.25 ,$199.59 ,$192.82 ,$193.72 ,"$112,683,300.00 "
11/30/2020,$189.20 ,$202.60 ,$184.84 ,$200.74 ,"$189,009,300.00 "
12/1/2020,$194.92 ,$199.28 ,$190.68 ,$199.20 ,"$120,310,500.00 "
12/2/2020,$189.61 ,$190.51 ,$180.40 ,$185.48 ,"$143,327,100.00 "
12/3/2020,$197.79 ,$199.66 ,$194.14 ,$196.67 ,"$127,656,000.00 "
12/4/2020,$199.68 ,$199.68 ,$195.17 ,$197.00 ,"$88,203,900.00 "
12/7/2020,$213.92 ,$216.26 ,$201.02 ,$201.64 ,"$168,929,100.00 "
12/8/2020,$216.63 ,$217.09 ,$206.17 ,$208.50 ,"$192,795,000.00 "
12/9/2020,$201.49 ,$218.11 ,$196.00 ,$217.90 ,"$213,873,600.00 "
12/10/2020,$209.02 ,$209.25 ,$188.78 ,$191.46 ,"$201,249,600.00 "
12/11/2020,$203.33 ,$208.00 ,$198.93 ,$205.00 ,"$139,425,000.00 "
12/14/2020,$213.28 ,$214.25 ,$203.40 ,$206.33 ,"$156,121,800.00 "
12/15/2020,$211.08 ,$215.63 ,$207.93 ,$214.43 ,"$135,214,500.00 "
12/16/2020,$207.59 ,$210.83 ,$201.67 ,$209.41 ,"$126,287,400.00 "
12/17/2020,$218.63 ,$219.61 ,$206.50 ,$209.40 ,"$168,810,300.00 "
12/18/2020,$231.67 ,$231.67 ,$209.51 ,$222.97 ,"$666,378,600.00 "
12/21/2020,$216.62 ,$222.83 ,$215.36 ,$222.08 ,"$174,135,900.00 "
12/22/2020,$213.45 ,$216.63 ,$204.74 ,$216.00 ,"$155,148,000.00 "
12/23/2020,$215.33 ,$217.17 ,$207.52 ,$210.73 ,"$99,519,000.00 "
12/24/2020,$220.59 ,$222.03 ,$213.67 ,$214.33 ,"$68,596,800.00 "
12/28/2020,$221.23 ,$227.13 ,$220.27 ,$224.84 ,"$96,835,800.00 "
12/29/2020,$222.00 ,$223.30 ,$218.33 ,$220.33 ,"$68,732,400.00 "
12/30/2020,$231.59 ,$232.20 ,$222.79 ,$224.00 ,"$128,538,000.00 "
12/31/2020,$235.22 ,$239.57 ,$230.37 ,$233.33 ,"$148,949,700.00 "
1/4/2021,$243.26 ,$248.16 ,$239.06 ,$239.82 ,"$145,914,600.00 "
1/5/2021,$245.04 ,$246.95 ,$239.73 ,$241.22 ,"$96,735,600.00 "
1/6/2021,$251.99 ,$258.00 ,$249.70 ,$252.83 ,"$134,100,000.00 "
1/7/2021,$272.01 ,$272.33 ,$258.40 ,$259.21 ,"$154,496,700.00 "
1/8/2021,$293.34 ,$294.83 ,$279.46 ,$285.33 ,"$225,166,500.00 "
1/11/2021,$270.40 ,$284.81 ,$267.87 ,$283.13 ,"$177,904,800.00 "
1/12/2021,$283.15 ,$289.33 ,$275.78 ,$277.00 ,"$138,812,100.00 "
1/13/2021,$284.80 ,$286.82 ,$277.33 ,$284.25 ,"$99,937,500.00 "
1/14/2021,$281.67 ,$287.67 ,$279.58 ,$281.13 ,"$93,798,900.00 "
1/15/2021,$275.39 ,$286.63 ,$273.03 ,$284.00 ,"$116,332,800.00 "
1/19/2021,$281.52 ,$283.33 ,$277.67 ,$279.27 ,"$76,101,000.00 "
1/20/2021,$283.48 ,$286.50 ,$279.09 ,$286.25 ,"$76,997,700.00 "
1/21/2021,$281.66 ,$285.24 ,$280.47 ,$285.00 ,"$61,563,300.00 "
1/22/2021,$282.21 ,$282.67 ,$276.21 ,$278.10 ,"$60,199,500.00 "
1/25/2021,$293.60 ,$300.13 ,$279.61 ,$285.00 ,"$123,520,200.00 "
1/26/2021,$294.36 ,$298.63 ,$290.53 ,$297.13 ,"$69,394,800.00 "
1/27/2021,$288.05 ,$297.17 ,$286.22 ,$290.12 ,"$82,002,000.00 "
1/28/2021,$278.48 ,$282.67 ,$267.00 ,$273.33 ,"$79,134,000.00 "
1/29/2021,$264.51 ,$280.80 ,$260.03 ,$276.67 ,"$104,972,400.00 "
2/1/2021,$279.94 ,$280.67 ,$265.19 ,$271.43 ,"$76,174,200.00 "
2/2/2021,$290.93 ,$293.50 ,$280.73 ,$281.56 ,"$73,038,600.00 "
2/3/2021,$284.90 ,$292.69 ,$284.35 ,$292.34 ,"$55,030,500.00 "
2/4/2021,$283.33 ,$285.50 ,$277.81 ,$285.00 ,"$47,438,100.00 "
2/5/2021,$284.08 ,$288.26 ,$279.66 ,$281.67 ,"$55,699,800.00 "
2/8/2021,$287.81 ,$292.59 ,$284.92 ,$289.89 ,"$60,485,100.00 "
2/9/2021,$283.15 ,$286.60 ,$280.58 ,$285.04 ,"$45,473,100.00 "
2/10/2021,$268.27 ,$281.61 ,$266.67 ,$281.21 ,"$108,648,300.00 "
2/11/2021,$270.55 ,$276.63 ,$267.24 ,$270.81 ,"$64,868,400.00 "
2/12/2021,$272.04 ,$272.44 ,$261.78 ,$267.09 ,"$71,304,900.00 "
2/16/2021,$265.41 ,$273.67 ,$264.15 ,$272.67 ,"$59,406,900.00 "
2/17/2021,$266.05 ,$266.61 ,$254.00 ,$259.70 ,"$77,989,500.00 "
2/18/2021,$262.46 ,$264.90 ,$258.76 ,$260.30 ,"$53,871,300.00 "
2/19/2021,$260.43 ,$265.60 ,$259.12 ,$265.00 ,"$56,874,900.00 "
2/22/2021,$238.17 ,$256.17 ,$236.73 ,$254.21 ,"$111,809,100.00 "
2/23/2021,$232.95 ,$237.87 ,$206.33 ,$220.71 ,"$199,820,700.00 "
2/24/2021,$247.34 ,$248.33 ,$231.39 ,$237.28 ,"$110,301,000.00 "
2/25/2021,$227.41 ,$245.74 ,$223.53 ,$242.05 ,"$117,071,700.00 "
2/26/2021,$225.17 ,$235.57 ,$219.84 ,$233.33 ,"$123,267,600.00 "
3/1/2021,$239.48 ,$239.67 ,$228.35 ,$230.04 ,"$81,408,600.00 "
3/2/2021,$228.81 ,$240.37 ,$228.33 ,$239.43 ,"$71,196,600.00 "
3/3/2021,$217.73 ,$233.57 ,$217.24 ,$229.33 ,"$90,624,000.00 "
3/4/2021,$207.15 ,$222.82 ,$200.00 ,$218.60 ,"$197,758,500.00 "
3/5/2021,$199.32 ,$209.28 ,$179.83 ,$208.69 ,"$268,189,500.00 "
3/8/2021,$187.67 ,$206.71 ,$186.26 ,$200.18 ,"$155,361,000.00 "
3/9/2021,$224.53 ,$226.03 ,$198.40 ,$202.73 ,"$202,569,900.00 "
3/10/2021,$222.69 ,$239.28 ,$218.35 ,$233.43 ,"$181,817,100.00 "
3/11/2021,$233.20 ,$234.17 ,$225.73 ,$233.13 ,"$108,761,700.00 "
3/12/2021,$231.24 ,$231.63 ,$222.05 ,$223.33 ,"$100,751,400.00 "
3/15/2021,$235.98 ,$237.73 ,$228.01 ,$231.36 ,"$88,006,800.00 "
3/16/2021,$225.63 ,$235.97 ,$223.67 ,$234.45 ,"$96,587,100.00 "
3/17/2021,$233.94 ,$234.58 ,$217.00 ,$218.96 ,"$121,117,500.00 "
3/18/2021,$217.72 ,$229.74 ,$217.33 ,$228.10 ,"$99,674,400.00 "
3/19/2021,$218.29 ,$219.08 ,$208.21 ,$215.53 ,"$128,682,000.00 "
3/22/2021,$223.33 ,$233.21 ,$222.92 ,$228.20 ,"$118,536,600.00 "
3/23/2021,$220.72 ,$225.93 ,$219.17 ,$225.26 ,"$91,475,700.00 "
3/24/2021,$210.09 ,$222.67 ,$210.04 ,$222.64 ,"$101,385,600.00 "
3/25/2021,$213.46 ,$215.17 ,$203.17 ,$204.33 ,"$117,674,700.00 "
3/26/2021,$206.24 ,$214.61 ,$199.96 ,$213.96 ,"$101,558,400.00 "
3/29/2021,$203.76 ,$205.49 ,$198.67 ,$205.21 ,"$85,911,000.00 "
3/30/2021,$211.87 ,$212.55 ,$197.00 ,$200.58 ,"$118,297,200.00 "
3/31/2021,$222.64 ,$224.00 ,$213.70 ,$215.54 ,"$100,011,900.00 "
4/1/2021,$220.58 ,$230.81 ,$219.81 ,$229.46 ,"$105,895,200.00 "
4/5/2021,$230.35 ,$236.05 ,$228.23 ,$235.90 ,"$125,528,400.00 "
4/6/2021,$230.54 ,$232.18 ,$227.12 ,$230.10 ,"$84,815,400.00 "
4/7/2021,$223.66 ,$230.46 ,$222.61 ,$229.00 ,"$78,928,200.00 "
4/8/2021,$227.93 ,$229.85 ,$223.88 ,$225.79 ,"$71,772,900.00 "
4/9/2021,$225.67 ,$226.99 ,$223.14 ,$225.92 ,"$64,311,300.00 "
4/12/2021,$233.99 ,$234.93 ,$227.36 ,$228.57 ,"$87,407,100.00 "
4/13/2021,$254.11 ,$254.33 ,$236.89 ,$237.57 ,"$133,958,400.00 "
4/14/2021,$244.08 ,$260.26 ,$242.68 ,$256.90 ,"$147,052,200.00 "
4/15/2021,$246.28 ,$247.90 ,$240.44 ,$247.70 ,"$83,546,700.00 "
4/16/2021,$246.59 ,$249.80 ,$241.53 ,$242.88 ,"$83,938,500.00 "
4/19/2021,$238.21 ,$241.80 ,$230.60 ,$239.87 ,"$119,058,600.00 "
4/20/2021,$239.66 ,$245.75 ,$236.90 ,$239.14 ,"$106,827,000.00 "
4/21/2021,$248.04 ,$248.28 ,$232.67 ,$234.92 ,"$93,646,500.00 "
4/22/2021,$239.90 ,$251.26 ,$239.35 ,$247.17 ,"$106,770,900.00 "
4/23/2021,$243.13 ,$245.79 ,$238.49 ,$239.93 ,"$85,110,000.00 "
4/26/2021,$246.07 ,$249.77 ,$244.20 ,$247.00 ,"$93,115,500.00 "
4/27/2021,$234.91 ,$241.33 ,$234.45 ,$239.32 ,"$88,311,000.00 "
4/28/2021,$231.47 ,$236.17 ,$231.20 ,$232.14 ,"$66,813,000.00 "
4/29/2021,$225.67 ,$234.08 ,$222.83 ,$233.17 ,"$86,536,200.00 "
4/30/2021,$236.48 ,$238.49 ,$222.05 ,$222.53 ,"$122,276,100.00 "
5/3/2021,$228.30 ,$235.33 ,$226.83 ,$234.60 ,"$81,129,300.00 "
5/4/2021,$224.53 ,$227.82 ,$219.23 ,$226.31 ,"$89,217,900.00 "
5/5/2021,$223.65 ,$228.43 ,$222.45 ,$227.02 ,"$65,705,700.00 "
5/6/2021,$221.18 ,$227.01 ,$216.67 ,$226.92 ,"$83,353,800.00 "
5/7/2021,$224.12 ,$230.00 ,$220.07 ,$221.93 ,"$70,407,600.00 "
5/10/2021,$209.68 ,$221.68 ,$209.20 ,$221.63 ,"$94,177,200.00 "
5/11/2021,$205.73 ,$209.03 ,$198.53 ,$199.75 ,"$139,511,700.00 "
5/12/2021,$196.63 ,$206.80 ,$195.59 ,$200.83 ,"$101,470,800.00 "
5/13/2021,$190.56 ,$202.15 ,$186.55 ,$200.51 ,"$132,554,700.00 "
5/14/2021,$196.58 ,$197.62 ,$190.15 ,$194.47 ,"$100,112,700.00 "
5/17/2021,$192.28 ,$196.58 ,$187.07 ,$191.85 ,"$97,171,200.00 "
5/18/2021,$192.62 ,$198.75 ,$187.79 ,$189.33 ,"$110,491,800.00 "
5/19/2021,$187.82 ,$188.74 ,$182.33 ,$184.18 ,"$118,735,200.00 "
5/20/2021,$195.59 ,$196.28 ,$190.36 ,$191.67 ,"$92,463,300.00 "
5/21/2021,$193.63 ,$198.89 ,$193.33 ,$198.70 ,"$78,091,800.00 "
5/24/2021,$202.15 ,$204.83 ,$191.22 ,$193.87 ,"$103,674,300.00 "
5/25/2021,$201.56 ,$204.66 ,$198.57 ,$202.44 ,"$84,017,700.00 "
5/26/2021,$206.38 ,$208.72 ,$200.50 ,$202.52 ,"$85,917,900.00 "
5/27/2021,$210.28 ,$210.38 ,$205.40 ,$206.75 ,"$79,111,800.00 "
5/28/2021,$208.41 ,$211.86 ,$207.46 ,$209.50 ,"$68,211,000.00 "
6/1/2021,$207.97 ,$211.27 ,$206.85 ,$209.27 ,"$54,254,700.00 "
6/2/2021,$201.71 ,$207.79 ,$199.71 ,$206.71 ,"$69,908,400.00 "
6/3/2021,$190.95 ,$201.52 ,$190.41 ,$200.60 ,"$90,335,700.00 "
6/4/2021,$199.68 ,$200.20 ,$192.40 ,$193.24 ,"$72,110,700.00 "
6/7/2021,$201.71 ,$203.33 ,$194.29 ,$197.28 ,"$67,631,100.00 "
6/8/2021,$201.20 ,$207.70 ,$198.50 ,$207.67 ,"$78,160,200.00 "
6/9/2021,$199.59 ,$203.93 ,$199.21 ,$200.72 ,"$49,753,800.00 "
6/10/2021,$203.37 ,$205.53 ,$200.17 ,$201.29 ,"$71,758,800.00 "
6/11/2021,$203.30 ,$204.19 ,$200.51 ,$203.41 ,"$48,615,900.00 "
6/14/2021,$205.90 ,$208.50 ,$203.06 ,$204.08 ,"$61,272,000.00 "
6/15/2021,$199.79 ,$205.60 ,$199.41 ,$205.56 ,"$53,292,300.00 "
6/16/2021,$201.62 ,$202.83 ,$197.83 ,$199.18 ,"$66,432,300.00 "
6/17/2021,$205.53 ,$207.16 ,$200.45 ,$200.63 ,"$68,104,200.00 "
6/18/2021,$207.77 ,$209.45 ,$203.93 ,$204.46 ,"$73,682,700.00 "
6/21/2021,$206.94 ,$210.46 ,$202.96 ,$208.16 ,"$74,438,100.00 "
6/22/2021,$207.90 ,$209.52 ,$205.17 ,$206.08 ,"$57,476,700.00 "
6/23/2021,$218.86 ,$219.07 ,$210.01 ,$210.67 ,"$93,297,600.00 "
6/24/2021,$226.61 ,$232.54 ,$222.54 ,$225.00 ,"$137,947,200.00 "
6/25/2021,$223.96 ,$231.27 ,$222.90 ,$229.86 ,"$97,490,100.00 "
6/28/2021,$229.57 ,$231.57 ,$223.44 ,$223.88 ,"$64,884,600.00 "
6/29/2021,$226.92 ,$229.17 ,$225.30 ,$228.22 ,"$52,143,900.00 "
6/30/2021,$226.57 ,$230.94 ,$226.05 ,$226.59 ,"$56,774,700.00 "
7/1/2021,$225.97 ,$229.33 ,$224.27 ,$227.97 ,"$55,903,500.00 "
7/2/2021,$226.30 ,$233.33 ,$224.42 ,$226.33 ,"$81,163,500.00 "
7/6/2021,$219.86 ,$228.00 ,$217.13 ,$227.24 ,"$69,853,500.00 "
7/7/2021,$214.88 ,$221.90 ,$212.77 ,$221.42 ,"$56,376,000.00 "
7/8/2021,$217.60 ,$218.14 ,$206.82 ,$209.46 ,"$68,319,900.00 "
7/9/2021,$218.98 ,$219.64 ,$214.90 ,$217.73 ,"$54,421,500.00 "
7/12/2021,$228.57 ,$229.08 ,$220.72 ,$220.73 ,"$77,781,000.00 "
7/13/2021,$222.85 ,$231.09 ,$222.10 ,$228.77 ,"$62,898,300.00 "
7/14/2021,$217.79 ,$226.20 ,$217.61 ,$223.58 ,"$64,923,600.00 "
7/15/2021,$216.87 ,$222.05 ,$212.63 ,$219.46 ,"$60,628,800.00 "
7/16/2021,$214.74 ,$218.90 ,$214.07 ,$218.23 ,"$49,113,000.00 "
7/19/2021,$215.41 ,$215.73 ,$207.10 ,$209.96 ,"$63,891,300.00 "
7/20/2021,$220.17 ,$220.80 ,$213.50 ,$217.33 ,"$46,461,300.00 "
7/21/2021,$218.43 ,$221.62 ,$216.76 ,$219.87 ,"$41,859,900.00 "
7/22/2021,$216.42 ,$220.72 ,$214.87 ,$218.81 ,"$45,317,100.00 "
7/23/2021,$214.46 ,$216.27 ,$212.43 ,$215.45 ,"$43,814,700.00 "
7/26/2021,$219.21 ,$222.73 ,$215.70 ,$216.99 ,"$76,009,800.00 "
7/27/2021,$214.93 ,$222.17 ,$209.08 ,$221.13 ,"$98,439,900.00 "
7/28/2021,$215.66 ,$218.32 ,$213.13 ,$215.67 ,"$48,019,800.00 "
7/29/2021,$225.78 ,$227.90 ,$216.27 ,$216.60 ,"$91,183,800.00 "
7/30/2021,$229.07 ,$232.51 ,$223.00 ,$223.92 ,"$88,969,200.00 "
8/2/2021,$236.56 ,$242.31 ,$232.80 ,$233.33 ,"$100,847,400.00 "
8/3/2021,$236.58 ,$240.88 ,$233.67 ,$239.67 ,"$64,860,900.00 "
8/4/2021,$236.97 ,$241.63 ,$236.31 ,$237.00 ,"$51,007,800.00 "
8/5/2021,$238.21 ,$240.32 ,$237.14 ,$238.67 ,"$38,758,800.00 "
8/6/2021,$233.03 ,$238.78 ,$232.54 ,$237.30 ,"$46,869,000.00 "
8/9/2021,$237.92 ,$239.68 ,$235.04 ,$236.72 ,"$44,145,900.00 "
8/10/2021,$236.66 ,$238.86 ,$233.96 ,$238.00 ,"$40,296,900.00 "
8/11/2021,$235.94 ,$238.39 ,$234.74 ,$237.57 ,"$29,401,800.00 "
8/12/2021,$240.75 ,$240.93 ,$233.13 ,$235.45 ,"$52,377,300.00 "
8/13/2021,$239.06 ,$243.30 ,$238.11 ,$241.24 ,"$50,194,500.00 "
8/16/2021,$228.72 ,$236.50 ,$225.47 ,$235.02 ,"$68,032,200.00 "
8/17/2021,$221.90 ,$224.86 ,$216.28 ,$224.22 ,"$71,163,900.00 "
8/18/2021,$229.66 ,$231.92 ,$223.12 ,$223.25 ,"$61,048,200.00 "
8/19/2021,$224.49 ,$228.85 ,$222.53 ,$226.07 ,"$42,940,500.00 "
8/20/2021,$226.75 ,$230.71 ,$224.57 ,$227.62 ,"$44,525,700.00 "
8/23/2021,$235.43 ,$237.38 ,$226.92 ,$228.48 ,"$60,794,700.00 "
8/24/2021,$236.16 ,$238.41 ,$234.21 ,$236.89 ,"$39,249,300.00 "
8/25/2021,$237.07 ,$238.99 ,$234.67 ,$235.68 ,"$37,936,800.00 "
8/26/2021,$233.72 ,$238.47 ,$232.54 ,$236.10 ,"$39,642,900.00 "
8/27/2021,$237.31 ,$238.33 ,$234.03 ,$235.00 ,"$41,501,400.00 "
8/30/2021,$243.64 ,$243.67 ,$237.58 ,$238.24 ,"$55,812,600.00 "
8/31/2021,$245.24 ,$246.80 ,$242.15 ,$244.33 ,"$62,566,200.00 "
9/1/2021,$244.70 ,$247.33 ,$243.76 ,$244.69 ,"$39,612,900.00 "
9/2/2021,$244.13 ,$246.99 ,$243.51 ,$244.83 ,"$38,331,900.00 "
9/3/2021,$244.52 ,$244.67 ,$241.40 ,$244.08 ,"$45,738,300.00 "
9/7/2021,$250.97 ,$253.40 ,$246.42 ,$246.67 ,"$60,119,400.00 "
9/8/2021,$251.29 ,$254.82 ,$246.92 ,$253.86 ,"$56,379,000.00 "
9/9/2021,$251.62 ,$254.03 ,$250.54 ,$251.14 ,"$42,233,100.00 "
9/10/2021,$245.42 ,$254.20 ,$244.84 ,$253.20 ,"$45,552,600.00 "
9/13/2021,$247.67 ,$248.26 ,$236.28 ,$246.74 ,"$68,857,500.00 "
9/14/2021,$248.16 ,$251.49 ,$245.47 ,$247.52 ,"$55,574,700.00 "
9/15/2021,$251.94 ,$252.29 ,$246.12 ,$248.33 ,"$46,073,100.00 "
9/16/2021,$252.33 ,$252.97 ,$249.20 ,$250.94 ,"$41,770,200.00 "
9/17/2021,$253.16 ,$253.68 ,$250.00 ,$252.38 ,"$84,612,600.00 "
9/20/2021,$243.39 ,$247.33 ,$239.54 ,$244.85 ,"$74,273,100.00 "
9/21/2021,$246.46 ,$248.25 ,$243.48 ,$244.93 ,"$48,992,100.00 "
9/22/2021,$250.65 ,$251.22 ,$246.37 ,$247.84 ,"$45,378,900.00 "
9/23/2021,$251.21 ,$252.73 ,$249.31 ,$251.67 ,"$35,842,500.00 "
9/24/2021,$258.13 ,$258.27 ,$248.19 ,$248.63 ,"$64,119,000.00 "
9/27/2021,$263.79 ,$266.33 ,$256.44 ,$257.71 ,"$84,212,100.00 "
9/28/2021,$259.19 ,$265.21 ,$255.39 ,$262.40 ,"$76,144,200.00 "
9/29/2021,$260.44 ,$264.50 ,$256.89 ,$259.93 ,"$62,828,700.00 "
9/30/2021,$258.49 ,$263.04 ,$258.33 ,$260.33 ,"$53,868,000.00 "
10/1/2021,$258.41 ,$260.26 ,$254.53 ,$259.47 ,"$51,094,200.00 "
10/4/2021,$260.51 ,$268.99 ,$258.71 ,$265.50 ,"$91,449,900.00 "
10/5/2021,$260.20 ,$265.77 ,$258.07 ,$261.60 ,"$55,297,800.00 "
10/6/2021,$260.92 ,$262.22 ,$257.74 ,$258.73 ,"$43,898,400.00 "
10/7/2021,$264.54 ,$268.33 ,$261.13 ,$261.82 ,"$57,587,400.00 "
10/8/2021,$261.83 ,$265.46 ,$260.30 ,$265.40 ,"$50,215,800.00 "
10/11/2021,$263.98 ,$267.08 ,$261.83 ,$262.55 ,"$42,600,900.00 "
10/12/2021,$268.57 ,$270.77 ,$265.52 ,$266.98 ,"$66,060,000.00 "
10/13/2021,$270.36 ,$271.80 ,$268.59 ,$270.16 ,"$42,360,300.00 "
10/14/2021,$272.77 ,$273.42 ,$271.12 ,$271.83 ,"$36,741,600.00 "
10/15/2021,$281.01 ,$281.07 ,$274.12 ,$274.58 ,"$56,773,800.00 "
10/18/2021,$290.04 ,$291.75 ,$283.82 ,$283.93 ,"$72,621,600.00 "
10/19/2021,$288.09 ,$292.65 ,$287.50 ,$292.51 ,"$52,143,300.00 "
10/20/2021,$288.60 ,$289.83 ,$285.79 ,$288.45 ,"$42,096,300.00 "
10/21/2021,$298.00 ,$300.00 ,$285.17 ,$285.33 ,"$94,444,500.00 "
10/22/2021,$303.23 ,$303.33 ,$296.99 ,$298.50 ,"$68,642,400.00 "
10/25/2021,$341.62 ,$348.34 ,$314.73 ,$316.84 ,"$188,556,300.00 "
10/26/2021,$339.48 ,$364.98 ,$333.81 ,$341.56 ,"$187,245,000.00 "
10/27/2021,$345.95 ,$356.96 ,$343.59 ,$346.55 ,"$115,579,500.00 "
10/28/2021,$359.01 ,$360.33 ,$351.40 ,$356.10 ,"$81,639,600.00 "
10/29/2021,$371.33 ,$371.74 ,$357.74 ,$360.62 ,"$89,755,200.00 "
11/1/2021,$402.86 ,$403.25 ,$372.89 ,$381.67 ,"$168,146,100.00 "
11/2/2021,$390.67 ,$402.86 ,$382.00 ,$386.45 ,"$128,213,400.00 "
11/3/2021,$404.62 ,$405.13 ,$384.21 ,$392.44 ,"$103,885,500.00 "
11/4/2021,$409.97 ,$414.50 ,$405.67 ,$411.47 ,"$76,192,200.00 "
11/5/2021,$407.36 ,$413.29 ,$402.67 ,$409.33 ,"$64,886,400.00 "
11/8/2021,$387.65 ,$399.00 ,$377.67 ,$383.26 ,"$100,337,100.00 "
11/9/2021,$341.17 ,$391.50 ,$337.17 ,$391.20 ,"$177,317,400.00 "
11/10/2021,$355.98 ,$359.37 ,$329.10 ,$336.80 ,"$128,408,100.00 "
11/11/2021,$354.50 ,$368.32 ,$351.56 ,$367.59 ,"$67,189,800.00 "
11/12/2021,$344.47 ,$351.50 ,$339.73 ,$349.17 ,"$76,719,300.00 "
11/15/2021,$337.80 ,$343.99 ,$326.20 ,$339.21 ,"$104,326,800.00 "
11/16/2021,$351.58 ,$352.40 ,$334.06 ,$334.44 ,"$79,627,200.00 "
11/17/2021,$363.00 ,$373.21 ,$351.83 ,$354.50 ,"$94,336,200.00 "
11/18/2021,$365.46 ,$370.67 ,$358.34 ,$368.85 ,"$62,696,700.00 "
11/19/2021,$379.02 ,$379.57 ,$364.23 ,$366.29 ,"$64,926,900.00 "
11/22/2021,$385.62 ,$400.65 ,$377.48 ,$387.44 ,"$99,217,500.00 "
11/23/2021,$369.68 ,$393.50 ,$354.23 ,$389.17 ,"$108,515,100.00 "
11/24/2021,$372.00 ,$377.59 ,$354.00 ,$360.13 ,"$67,680,600.00 "
11/26/2021,$360.64 ,$369.59 ,$360.33 ,$366.49 ,"$35,042,700.00 "
11/29/2021,$379.00 ,$380.89 ,$366.73 ,$367.00 ,"$58,393,500.00 "
11/30/2021,$381.59 ,$389.33 ,$372.67 ,$381.46 ,"$81,276,000.00 "
12/1/2021,$365.00 ,$390.95 ,$363.59 ,$386.90 ,"$68,450,400.00 "
12/2/2021,$361.53 ,$371.00 ,$352.22 ,$366.35 ,"$73,114,800.00 "
12/3/2021,$338.32 ,$363.53 ,$333.40 ,$361.60 ,"$92,322,000.00 "
12/6/2021,$336.34 ,$340.55 ,$316.83 ,$333.84 ,"$81,663,000.00 "
12/7/2021,$350.58 ,$352.56 ,$342.27 ,$348.07 ,"$56,084,700.00 "
12/8/2021,$356.32 ,$357.46 ,$344.33 ,$350.90 ,"$41,906,400.00 "
12/9/2021,$334.60 ,$354.16 ,$334.12 ,$353.55 ,"$59,438,400.00 "
12/10/2021,$339.01 ,$340.33 ,$327.51 ,$336.25 ,"$59,664,300.00 "
12/13/2021,$322.14 ,$335.00 ,$317.14 ,$333.70 ,"$78,595,500.00 "
12/14/2021,$319.50 ,$322.14 ,$310.00 ,$315.00 ,"$70,806,300.00 "
12/15/2021,$325.33 ,$326.25 ,$309.42 ,$317.74 ,"$75,169,200.00 "
12/16/2021,$308.97 ,$331.66 ,$307.28 ,$331.50 ,"$82,771,500.00 "
12/17/2021,$310.86 ,$320.22 ,$303.01 ,$304.92 ,"$100,437,300.00 "
12/20/2021,$299.98 ,$307.23 ,$297.80 ,$303.57 ,"$56,480,100.00 "
12/21/2021,$312.84 ,$313.17 ,$295.37 ,$305.62 ,"$71,517,900.00 "
12/22/2021,$336.29 ,$338.55 ,$319.02 ,$321.89 ,"$93,634,200.00 "
12/23/2021,$355.67 ,$357.66 ,$332.52 ,$335.60 ,"$92,713,200.00 "
12/27/2021,$364.65 ,$372.33 ,$356.91 ,$357.89 ,"$71,145,900.00 "
12/28/2021,$362.82 ,$373.00 ,$359.47 ,$369.83 ,"$60,324,000.00 "
12/29/2021,$362.06 ,$368.00 ,$354.71 ,$366.21 ,"$56,154,000.00 "
12/30/2021,$356.78 ,$365.18 ,$351.05 ,$353.78 ,"$47,040,900.00 "
12/31/2021,$352.26 ,$360.67 ,$351.53 ,$357.81 ,"$40,733,700.00 "
1/3/2022,$399.93 ,$400.36 ,$378.68 ,$382.58 ,"$103,931,400.00 "
1/4/2022,$383.20 ,$402.67 ,$374.35 ,$396.52 ,"$100,248,300.00 "
1/5/2022,$362.71 ,$390.11 ,$360.34 ,$382.22 ,"$80,119,800.00 "
1/6/2022,$354.90 ,$362.67 ,$340.17 ,$359.00 ,"$90,336,600.00 "
1/7/2022,$342.32 ,$360.31 ,$336.67 ,$360.12 ,"$84,164,700.00 "
1/10/2022,$352.71 ,$353.03 ,$326.67 ,$333.33 ,"$91,815,000.00 "
1/11/2022,$354.80 ,$358.62 ,$346.27 ,$351.22 ,"$66,063,300.00 "
1/12/2022,$368.74 ,$371.61 ,$357.53 ,$359.62 ,"$83,739,000.00 "
1/13/2022,$343.85 ,$371.87 ,$342.18 ,$369.69 ,"$97,209,900.00 "
1/14/2022,$349.87 ,$350.67 ,$337.79 ,$339.96 ,"$72,924,300.00 "
1/18/2022,$343.50 ,$356.93 ,$338.69 ,$342.20 ,"$66,743,400.00 "
1/19/2022,$331.88 ,$351.56 ,$331.67 ,$347.24 ,"$75,442,500.00 "
1/20/2022,$332.09 ,$347.22 ,$331.33 ,$336.58 ,"$70,488,600.00 "
1/21/2022,$314.63 ,$334.85 ,$313.50 ,$332.11 ,"$103,416,000.00 "
1/24/2022,$310.00 ,$311.17 ,$283.82 ,$301.59 ,"$151,565,700.00 "
1/25/2022,$306.13 ,$317.09 ,$301.07 ,$304.73 ,"$86,595,900.00 "
1/26/2022,$312.47 ,$329.23 ,$302.00 ,$317.48 ,"$104,867,400.00 "
1/27/2022,$276.37 ,$311.80 ,$276.33 ,$311.12 ,"$147,109,500.00 "
1/28/2022,$282.12 ,$285.83 ,$264.00 ,$277.19 ,"$134,789,100.00 "
1/31/2022,$312.24 ,$312.66 ,$287.35 ,$290.90 ,"$104,436,000.00 "
2/1/2022,$310.42 ,$314.57 ,$301.67 ,$311.74 ,"$73,138,200.00 "
2/2/2022,$301.89 ,$310.50 ,$296.47 ,$309.39 ,"$66,792,900.00 "
2/3/2022,$297.05 ,$312.33 ,$293.51 ,$294.00 ,"$78,855,600.00 "
2/4/2022,$307.77 ,$312.17 ,$293.72 ,$299.07 ,"$73,625,400.00 "
2/7/2022,$302.45 ,$315.92 ,$300.90 ,$307.93 ,"$60,994,500.00 "
2/8/2022,$307.33 ,$308.76 ,$298.27 ,$301.84 ,"$50,729,100.00 "
2/9/2022,$310.67 ,$315.42 ,$306.67 ,$311.67 ,"$52,259,400.00 "
2/10/2022,$301.52 ,$314.60 ,$298.90 ,$302.79 ,"$66,126,900.00 "
2/11/2022,$286.67 ,$305.32 ,$283.57 ,$303.21 ,"$79,645,800.00 "
2/14/2022,$291.92 ,$299.63 ,$284.38 ,$287.19 ,"$67,756,500.00 "
2/15/2022,$307.48 ,$307.67 ,$297.79 ,$300.00 ,"$57,286,200.00 "
2/16/2022,$307.80 ,$308.81 ,$300.40 ,$304.68 ,"$51,294,300.00 "
2/17/2022,$292.12 ,$306.17 ,$291.37 ,$304.42 ,"$55,178,400.00 "
2/18/2022,$285.66 ,$295.62 ,$279.20 ,$295.33 ,"$68,501,700.00 "
2/22/2022,$273.84 ,$285.58 ,$267.03 ,$278.04 ,"$83,288,100.00 "
2/23/2022,$254.68 ,$278.43 ,$253.52 ,$276.81 ,"$95,256,900.00 "
2/24/2022,$266.92 ,$267.49 ,$233.33 ,$233.46 ,"$135,322,200.00 "
2/25/2022,$269.96 ,$273.17 ,$260.80 ,$269.74 ,"$76,067,700.00 "
2/28/2022,$290.14 ,$292.29 ,$271.57 ,$271.67 ,"$99,006,900.00 "
3/1/2022,$288.12 ,$296.63 ,$284.59 ,$289.89 ,"$74,766,900.00 "
3/2/2022,$293.30 ,$295.49 ,$281.42 ,$290.71 ,"$74,643,300.00 "
3/3/2022,$279.76 ,$295.48 ,$277.53 ,$292.92 ,"$61,623,600.00 "
3/4/2022,$279.43 ,$285.22 ,$275.05 ,$283.03 ,"$66,999,600.00 "
3/7/2022,$268.19 ,$288.71 ,$268.19 ,$285.43 ,"$72,494,100.00 "
3/8/2022,$274.80 ,$283.33 ,$260.72 ,$265.18 ,"$80,399,100.00 "
3/9/2022,$286.32 ,$286.85 ,$277.34 ,$279.83 ,"$59,184,000.00 "
3/10/2022,$279.43 ,$284.82 ,$270.12 ,$283.82 ,"$58,648,500.00 "
3/11/2022,$265.12 ,$281.27 ,$264.59 ,$280.07 ,"$67,037,100.00 "
3/14/2022,$255.46 ,$266.90 ,$252.01 ,$260.20 ,"$71,152,200.00 "
3/15/2022,$267.30 ,$268.52 ,$252.19 ,$258.42 ,"$66,841,200.00 "
3/16/2022,$280.08 ,$280.67 ,$267.42 ,$269.67 ,"$84,028,800.00 "
3/17/2022,$290.53 ,$291.67 ,$275.24 ,$277.00 ,"$66,582,900.00 "
3/18/2022,$301.80 ,$302.62 ,$289.13 ,$291.50 ,"$100,414,200.00 "
3/21/2022,$307.05 ,$314.28 ,$302.36 ,$304.99 ,"$81,981,600.00 "
3/22/2022,$331.33 ,$332.62 ,$307.25 ,$310.00 ,"$105,868,500.00 "
3/23/2022,$333.04 ,$346.90 ,$325.47 ,$326.65 ,"$120,676,200.00 "
3/24/2022,$337.97 ,$341.50 ,$329.60 ,$336.58 ,"$68,920,800.00 "
3/25/2022,$336.88 ,$340.60 ,$332.44 ,$336.00 ,"$62,031,600.00 "
3/28/2022,$363.95 ,$365.96 ,$351.20 ,$355.03 ,"$102,506,100.00 "
3/29/2022,$366.52 ,$371.59 ,$357.70 ,$369.33 ,"$73,614,900.00 "
3/30/2022,$364.66 ,$371.32 ,$361.33 ,$363.72 ,"$59,865,000.00 "
3/31/2022,$359.20 ,$367.71 ,$358.88 ,$364.86 ,"$48,992,700.00 "
4/1/2022,$361.53 ,$364.92 ,$355.55 ,$360.38 ,"$54,263,100.00 "
4/4/2022,$381.82 ,$383.30 ,$357.51 ,$363.13 ,"$82,035,900.00 "
4/5/2022,$363.75 ,$384.29 ,$362.43 ,$378.77 ,"$80,075,100.00 "
4/6/2022,$348.59 ,$359.67 ,$342.57 ,$357.82 ,"$89,348,400.00 "
4/7/2022,$352.42 ,$358.86 ,$340.51 ,$350.80 ,"$79,447,200.00 "
4/8/2022,$341.83 ,$349.48 ,$340.81 ,$347.74 ,"$55,013,700.00 "
4/11/2022,$325.31 ,$336.16 ,$324.88 ,$326.80 ,"$59,357,100.00 "
4/12/2022,$328.98 ,$340.40 ,$325.53 ,$332.55 ,"$65,976,000.00 "
4/13/2022,$340.79 ,$342.08 ,$324.37 ,$327.03 ,"$55,121,100.00 "
4/14/2022,$328.33 ,$337.57 ,$327.40 ,$333.10 ,"$58,422,300.00 "
4/18/2022,$334.76 ,$338.31 ,$324.47 ,$329.68 ,"$51,715,200.00 "
4/19/2022,$342.72 ,$344.98 ,$331.78 ,$335.02 ,"$49,847,700.00 "
4/20/2022,$325.73 ,$344.67 ,$325.08 ,$343.33 ,"$70,711,200.00 "
4/21/2022,$336.26 ,$364.07 ,$332.14 ,$358.24 ,"$105,416,400.00 "
4/22/2022,$335.02 ,$344.95 ,$331.33 ,$338.30 ,"$69,696,600.00 "
4/25/2022,$332.67 ,$336.21 ,$325.10 ,$326.32 ,"$68,341,200.00 "
4/26/2022,$292.14 ,$333.33 ,$291.67 ,$331.81 ,"$136,133,700.00 "
4/27/2022,$293.84 ,$306.00 ,$292.45 ,$299.53 ,"$76,956,300.00 "
4/28/2022,$292.50 ,$300.00 ,$273.90 ,$299.99 ,"$124,948,500.00 "
4/29/2022,$290.25 ,$311.47 ,$290.00 ,$300.75 ,"$88,133,100.00 "
5/2/2022,$300.98 ,$302.12 ,$282.68 ,$286.92 ,"$75,781,500.00 "
5/3/2022,$303.08 ,$308.03 ,$296.20 ,$301.06 ,"$63,709,500.00 "
5/4/2022,$317.54 ,$318.50 ,$295.09 ,$301.31 ,"$81,643,800.00 "
5/5/2022,$291.09 ,$315.20 ,$285.90 ,$313.01 ,"$92,519,100.00 "
5/6/2022,$288.55 ,$296.00 ,$281.04 ,$295.67 ,"$72,903,000.00 "
5/9/2022,$262.37 ,$281.88 ,$260.38 ,$278.82 ,"$90,810,300.00 "
5/10/2022,$266.68 ,$275.12 ,$258.08 ,$273.10 ,"$84,401,700.00 "
5/11/2022,$244.67 ,$269.92 ,$242.40 ,$265.00 ,"$97,224,600.00 "
5/12/2022,$242.67 ,$253.22 ,$226.67 ,$233.67 ,"$140,313,000.00 "
5/13/2022,$256.53 ,$262.45 ,$250.52 ,$257.83 ,"$92,150,700.00 "
5/16/2022,$241.46 ,$256.59 ,$239.70 ,$255.72 ,"$86,098,500.00 "
5/17/2022,$253.87 ,$254.83 ,$242.95 ,$249.12 ,"$80,236,200.00 "
5/18/2022,$236.60 ,$253.50 ,$233.60 ,$248.17 ,"$87,811,800.00 "
5/19/2022,$236.47 ,$244.67 ,$231.37 ,$235.67 ,"$90,296,700.00 "
5/20/2022,$221.30 ,$240.53 ,$211.00 ,$238.00 ,"$144,973,200.00 "
5/23/2022,$224.97 ,$226.65 ,$212.69 ,$218.34 ,"$88,903,500.00 "
5/24/2022,$209.39 ,$217.97 ,$206.86 ,$217.84 ,"$89,092,500.00 "
5/25/2022,$219.60 ,$223.11 ,$207.67 ,$207.95 ,"$92,139,300.00 "
5/26/2022,$235.91 ,$239.56 ,$217.89 ,$220.47 ,"$106,003,200.00 "
5/27/2022,$253.21 ,$253.27 ,$240.18 ,$241.08 ,"$89,295,000.00 "
5/31/2022,$252.75 ,$259.60 ,$244.74 ,$257.95 ,"$101,914,500.00 "
6/1/2022,$246.79 ,$257.33 ,$243.64 ,$251.72 ,"$77,247,900.00 "
6/2/2022,$258.33 ,$264.21 ,$242.07 ,$244.16 ,"$93,473,100.00 "
6/3/2022,$234.52 ,$247.80 ,$233.42 ,$243.23 ,"$112,393,800.00 "
6/6/2022,$238.28 ,$244.87 ,$234.35 ,$244.35 ,"$84,204,600.00 "
6/7/2022,$238.89 ,$240.00 ,$230.09 ,$234.00 ,"$72,808,500.00 "
6/8/2022,$241.87 ,$249.96 ,$239.18 ,$240.09 ,"$76,210,500.00 "
6/9/2022,$239.71 ,$255.55 ,$239.33 ,$249.34 ,"$96,491,400.00 "
6/10/2022,$232.23 ,$239.50 ,$227.91 ,$235.16 ,"$97,536,600.00 "
6/13/2022,$215.74 ,$226.63 ,$214.68 ,$223.17 ,"$102,767,400.00 "
6/14/2022,$220.89 ,$226.33 ,$211.74 ,$218.29 ,"$97,988,700.00 "
6/15/2022,$233.00 ,$235.66 ,$218.15 ,$220.92 ,"$119,131,800.00 "
6/16/2022,$213.10 ,$225.17 ,$208.69 ,$222.74 ,"$107,390,700.00 "
6/17/2022,$216.76 ,$220.97 ,$213.20 ,$213.43 ,"$92,641,800.00 "
6/21/2022,$237.04 ,$243.58 ,$224.33 ,$224.60 ,"$122,793,000.00 "
6/22/2022,$236.09 ,$246.83 ,$233.83 ,$234.50 ,"$101,107,500.00 "
6/23/2022,$235.07 ,$239.32 ,$228.64 ,$237.91 ,"$104,202,600.00 "
6/24/2022,$245.71 ,$246.07 ,$236.09 ,$237.47 ,"$95,770,800.00 "
6/27/2022,$244.92 ,$252.07 ,$242.57 ,$249.37 ,"$89,178,300.00 "
6/28/2022,$232.66 ,$249.97 ,$232.34 ,$244.48 ,"$90,391,200.00 "
6/29/2022,$228.49 ,$231.17 ,$222.27 ,$230.50 ,"$82,897,200.00 "
6/30/2022,$224.47 ,$229.46 ,$218.86 ,$224.51 ,"$94,600,500.00 "
7/1/2022,$227.26 ,$230.23 ,$222.12 ,$227.00 ,"$74,460,300.00 "
7/5/2022,$233.07 ,$233.15 ,$216.17 ,$223.00 ,"$84,581,100.00 "
7/6/2022,$231.73 ,$234.56 ,$227.19 ,$230.78 ,"$71,853,600.00 "
7/7/2022,$244.54 ,$245.36 ,$232.21 ,$233.92 ,"$81,930,600.00 "
7/8/2022,$250.76 ,$254.98 ,$241.16 ,$242.33 ,"$101,854,200.00 "
7/11/2022,$234.34 ,$253.06 ,$233.63 ,$252.10 ,"$99,241,200.00 "
7/12/2022,$233.07 ,$239.77 ,$228.37 ,$236.85 ,"$87,930,900.00 "
7/13/2022,$237.04 ,$242.06 ,$225.03 ,$225.50 ,"$97,954,500.00 "
7/14/2022,$238.31 ,$238.65 ,$229.33 ,$234.90 ,"$78,557,400.00 "
7/15/2022,$240.07 ,$243.62 ,$236.89 ,$240.00 ,"$69,683,100.00 "
7/18/2022,$240.55 ,$250.52 ,$239.60 ,$244.94 ,"$82,537,500.00 "
7/19/2022,$245.53 ,$247.14 ,$236.98 ,$245.00 ,"$80,890,200.00 "
7/20/2022,$247.50 ,$250.66 ,$243.48 ,$246.78 ,"$88,864,200.00 "
7/21/2022,$271.71 ,$273.27 ,$254.87 ,$255.11 ,"$142,032,300.00 "
7/22/2022,$272.24 ,$280.79 ,$270.71 ,$276.22 ,"$103,472,700.00 "
7/25/2022,$268.43 ,$274.15 ,$267.40 ,$272.22 ,"$64,073,400.00 "
7/26/2022,$258.86 ,$267.31 ,$256.26 ,$266.51 ,"$66,820,800.00 "
7/27/2022,$274.82 ,$275.93 ,$261.79 ,$263.81 ,"$88,110,000.00 "
7/28/2022,$280.90 ,$283.30 ,$272.80 ,$280.07 ,"$84,723,000.00 "
7/29/2022,$297.15 ,$298.32 ,$279.10 ,$280.70 ,"$95,313,000.00 "
8/1/2022,$297.28 ,$311.88 ,$295.00 ,$301.28 ,"$117,042,900.00 "
8/2/2022,$300.59 ,$307.83 ,$292.67 ,$294.00 ,"$95,577,600.00 "
8/3/2022,$307.40 ,$309.55 ,$301.15 ,$305.00 ,"$80,091,000.00 "
8/4/2022,$308.63 ,$313.61 ,$305.00 ,$311.00 ,"$72,256,200.00 "
8/5/2022,$288.17 ,$304.61 ,$285.54 ,$302.67 ,"$113,172,900.00 "
8/8/2022,$290.42 ,$305.20 ,$289.09 ,$295.00 ,"$98,994,000.00 "
8/9/2022,$283.33 ,$292.40 ,$279.35 ,$290.29 ,"$86,244,600.00 "
8/10/2022,$294.36 ,$297.51 ,$283.37 ,$297.07 ,"$94,918,800.00 "
8/11/2022,$286.63 ,$298.24 ,$285.83 ,$296.51 ,"$70,155,000.00 "
8/12/2022,$300.03 ,$300.16 ,$285.03 ,$289.42 ,"$79,657,200.00 "
8/15/2022,$309.32 ,$313.13 ,$301.23 ,$301.79 ,"$89,359,200.00 "
8/16/2022,$306.56 ,$314.67 ,$302.88 ,$311.67 ,"$88,136,400.00 "
8/17/2022,$304.00 ,$309.66 ,$300.03 ,$303.40 ,"$68,766,000.00 "
8/18/2022,$302.87 ,$306.50 ,$301.85 ,$306.00 ,"$47,500,500.00 "
8/19/2022,$296.67 ,$300.36 ,$292.50 ,$299.00 ,"$61,395,300.00 "
8/22/2022,$289.91 ,$292.40 ,$286.30 ,$291.91 ,"$55,843,200.00 "
8/23/2022,$296.45 ,$298.83 ,$287.92 ,$291.45 ,"$63,984,900.00 "
8/24/2022,$297.10 ,$303.65 ,$296.50 ,$297.56 ,"$57,259,800.00 "
8/25/2022,$296.07 ,$302.96 ,$291.60 ,$302.36 ,"$53,230,000.00 "
8/26/2022,$288.09 ,$302.00 ,$287.47 ,$297.43 ,"$57,163,900.00 "
8/29/2022,$284.82 ,$287.74 ,$280.70 ,$282.83 ,"$41,864,700.00 "
8/30/2022,$277.70 ,$288.48 ,$272.65 ,$287.87 ,"$50,541,800.00 "
8/31/2022,$275.61 ,$281.25 ,$271.81 ,$280.62 ,"$52,107,300.00 "
9/1/2022,$277.16 ,$277.58 ,$266.15 ,$272.58 ,"$54,287,000.00 "
9/2/2022,$270.21 ,$282.35 ,$269.08 ,$281.07 ,"$50,890,100.00 "
9/6/2022,$274.42 ,$275.99 ,$265.74 ,$272.68 ,"$55,860,000.00 "
9/7/2022,$283.70 ,$283.84 ,$272.27 ,$273.10 ,"$50,028,900.00 "
9/8/2022,$289.26 ,$289.50 ,$279.76 ,$281.30 ,"$53,713,100.00 "
9/9/2022,$299.68 ,$299.85 ,$291.25 ,$291.67 ,"$54,338,100.00 "
9/12/2022,$304.42 ,$305.49 ,$300.40 ,$300.72 ,"$48,674,600.00 "
9/13/2022,$292.13 ,$297.40 ,$290.40 ,$292.90 ,"$68,229,600.00 "
9/14/2022,$302.61 ,$306.00 ,$291.64 ,$292.24 ,"$72,628,700.00 "
9/15/2022,$303.75 ,$309.12 ,$300.72 ,$301.83 ,"$64,795,500.00 "
9/16/2022,$303.35 ,$303.71 ,$295.60 ,$299.61 ,"$87,087,800.00 "
9/19/2022,$309.07 ,$309.84 ,$297.80 ,$300.09 ,"$60,231,200.00 "
9/20/2022,$308.73 ,$313.33 ,$305.58 ,$306.91 ,"$61,642,800.00 "
9/21/2022,$300.80 ,$313.80 ,$300.63 ,$308.29 ,"$62,555,700.00 "
9/22/2022,$288.59 ,$301.29 ,$285.82 ,$299.86 ,"$70,545,400.00 "
9/23/2022,$275.33 ,$284.50 ,$272.82 ,$283.09 ,"$63,748,400.00 "
9/26/2022,$276.01 ,$284.09 ,$270.31 ,$271.83 ,"$58,076,900.00 "
9/27/2022,$282.94 ,$288.67 ,$277.51 ,$283.84 ,"$61,925,200.00 "
9/28/2022,$287.81 ,$289.00 ,$277.57 ,$283.08 ,"$54,664,800.00 "
9/29/2022,$268.21 ,$283.65 ,$265.78 ,$282.76 ,"$77,620,600.00 "
9/30/2022,$265.25 ,$275.57 ,$262.47 ,$266.15 ,"$67,726,600.00 "
10/3/2022,$242.40 ,$255.16 ,$241.01 ,$254.50 ,"$98,363,500.00 "
10/4/2022,$249.44 ,$257.50 ,$242.01 ,$250.52 ,"$109,578,500.00 "
10/5/2022,$240.81 ,$246.67 ,$233.27 ,$245.01 ,"$86,982,700.00 "
10/6/2022,$238.13 ,$244.58 ,$235.35 ,$239.44 ,"$69,298,400.00 "
10/7/2022,$223.07 ,$234.57 ,$222.02 ,$233.94 ,"$83,916,800.00 "
10/10/2022,$222.96 ,$226.99 ,$218.36 ,$223.93 ,"$67,925,000.00 "
10/11/2022,$216.50 ,$225.75 ,$215.00 ,$220.95 ,"$77,013,200.00 "
10/12/2022,$217.24 ,$219.30 ,$211.51 ,$215.33 ,"$66,860,700.00 "
10/13/2022,$221.72 ,$222.99 ,$206.22 ,$208.30 ,"$91,483,000.00 "
10/14/2022,$204.99 ,$226.26 ,$204.16 ,$224.01 ,"$94,124,500.00 "
10/17/2022,$219.35 ,$221.86 ,$209.45 ,$210.04 ,"$79,428,800.00 "
10/18/2022,$220.19 ,$229.82 ,$217.25 ,$229.50 ,"$75,891,900.00 "
10/19/2022,$222.04 ,$222.93 ,$217.78 ,$219.80 ,"$66,571,500.00 "
10/20/2022,$207.28 ,$215.55 ,$202.00 ,$208.28 ,"$117,798,100.00 "
10/21/2022,$214.44 ,$214.66 ,$203.80 ,$206.42 ,"$75,713,800.00 "
10/24/2022,$211.25 ,$213.50 ,$198.59 ,$205.82 ,"$100,446,800.00 "
10/25/2022,$222.42 ,$224.35 ,$210.00 ,$210.10 ,"$96,507,900.00 "
10/26/2022,$224.64 ,$230.60 ,$218.20 ,$219.40 ,"$85,012,500.00 "
10/27/2022,$225.09 ,$233.81 ,$222.85 ,$229.77 ,"$61,638,800.00 "
10/28/2022,$228.52 ,$228.86 ,$216.35 ,$225.40 ,"$69,152,400.00 "
10/31/2022,$227.54 ,$229.85 ,$221.94 ,$226.19 ,"$61,554,300.00 "
11/1/2022,$227.82 ,$237.40 ,$227.28 ,$234.05 ,"$62,688,800.00 "
11/2/2022,$214.98 ,$227.87 ,$214.82 ,$226.04 ,"$63,070,300.00 "
11/3/2022,$215.31 ,$221.20 ,$210.14 ,$211.36 ,"$56,538,800.00 "
11/4/2022,$207.47 ,$223.80 ,$203.08 ,$222.60 ,"$98,622,200.00 "
11/7/2022,$197.08 ,$208.90 ,$196.66 ,$208.65 ,"$93,916,500.00 "
11/8/2022,$191.30 ,$195.20 ,$186.75 ,$194.02 ,"$128,803,400.00 "
11/9/2022,$177.59 ,$195.89 ,$177.12 ,$190.78 ,"$127,062,700.00 "
11/10/2022,$190.72 ,$191.00 ,$180.03 ,$189.90 ,"$132,703,000.00 "
11/11/2022,$195.97 ,$196.52 ,$182.59 ,$186.00 ,"$114,403,600.00 "
11/14/2022,$190.95 ,$195.73 ,$186.34 ,$192.77 ,"$92,226,600.00 "
11/15/2022,$194.42 ,$200.82 ,$192.06 ,$195.88 ,"$91,293,800.00 "
11/16/2022,$186.92 ,$192.57 ,$185.66 ,$191.51 ,"$66,567,600.00 "
11/17/2022,$183.17 ,$186.16 ,$180.90 ,$183.96 ,"$64,336,000.00 "
11/18/2022,$180.19 ,$185.19 ,$176.55 ,$185.05 ,"$76,048,900.00 "
11/21/2022,$167.87 ,$176.77 ,$167.54 ,$175.85 ,"$92,882,700.00 "
11/22/2022,$169.91 ,$170.92 ,$166.19 ,$168.63 ,"$78,452,300.00 "
11/23/2022,$183.20 ,$183.62 ,$172.50 ,$173.57 ,"$109,536,700.00 "
11/25/2022,$182.86 ,$185.20 ,$180.63 ,$185.06 ,"$50,672,700.00 "
11/28/2022,$182.92 ,$188.50 ,$179.00 ,$179.96 ,"$92,905,200.00 "
11/29/2022,$180.83 ,$186.38 ,$178.75 ,$184.99 ,"$83,357,100.00 "
11/30/2022,$194.70 ,$194.76 ,$180.63 ,$182.43 ,"$109,186,400.00 "
12/1/2022,$194.70 ,$198.92 ,$191.80 ,$197.08 ,"$80,046,200.00 "
12/2/2022,$194.86 ,$196.25 ,$191.11 ,$191.78 ,"$73,645,900.00 "
12/5/2022,$182.45 ,$191.27 ,$180.55 ,$189.44 ,"$93,122,700.00 "
12/6/2022,$179.82 ,$183.65 ,$175.33 ,$181.22 ,"$92,150,800.00 "
12/7/2022,$174.04 ,$179.38 ,$172.22 ,$175.03 ,"$84,213,300.00 "
12/8/2022,$173.44 ,$175.20 ,$169.06 ,$172.20 ,"$97,624,500.00 "
12/9/2022,$179.05 ,$182.50 ,$173.36 ,$173.84 ,"$104,872,300.00 "
12/12/2022,$167.82 ,$177.37 ,$167.52 ,$176.10 ,"$109,794,500.00 "
12/13/2022,$160.95 ,$175.05 ,$156.91 ,$174.87 ,"$175,862,700.00 "
12/14/2022,$156.80 ,$161.62 ,$155.31 ,$159.25 ,"$140,682,300.00 "
12/15/2022,$157.67 ,$160.93 ,$153.28 ,$153.44 ,"$122,334,500.00 "
12/16/2022,$150.23 ,$160.99 ,$150.04 ,$159.64 ,"$139,032,200.00 "
12/19/2022,$149.87 ,$155.25 ,$145.82 ,$154.00 ,"$139,390,600.00 "
12/20/2022,$137.80 ,$148.47 ,$137.66 ,$146.05 ,"$159,563,300.00 "
12/21/2022,$137.57 ,$141.26 ,$135.89 ,$139.34 ,"$145,417,400.00 "
12/22/2022,$125.35 ,$136.63 ,$122.26 ,$136.00 ,"$210,090,300.00 "
12/23/2022,$123.15 ,$128.62 ,$121.02 ,$126.37 ,"$166,989,700.00 "
12/27/2022,$109.10 ,$119.67 ,$108.76 ,$117.50 ,"$208,643,400.00 "
12/28/2022,$112.71 ,$116.27 ,$108.24 ,$110.35 ,"$221,070,500.00 "
12/29/2022,$121.82 ,$123.57 ,$117.50 ,$120.39 ,"$221,923,300.00 "
12/30/2022,$123.18 ,$124.48 ,$119.75 ,$119.95 ,"$157,777,300.00 "
1/3/2023,$108.10 ,$118.80 ,$104.64 ,$118.47 ,"$231,402,800.00 "
1/4/2023,$113.64 ,$114.59 ,$107.52 ,$109.11 ,"$180,389,000.00 "
1/5/2023,$110.34 ,$111.75 ,$107.16 ,$110.51 ,"$157,986,300.00 "
1/6/2023,$113.06 ,$114.39 ,$101.81 ,$103.00 ,"$220,911,100.00 "
1/9/2023,$119.77 ,$123.52 ,$117.11 ,$118.96 ,"$190,284,000.00 "
1/10/2023,$118.85 ,$122.76 ,$114.92 ,$121.07 ,"$167,642,500.00 "
1/11/2023,$123.22 ,$125.95 ,$120.51 ,$122.09 ,"$183,810,800.00 "
1/12/2023,$123.56 ,$124.13 ,$117.00 ,$122.56 ,"$169,400,900.00 "
1/13/2023,$122.40 ,$122.63 ,$115.60 ,$116.55 ,"$180,714,100.00 "
1/17/2023,$131.49 ,$131.70 ,$125.02 ,$125.70 ,"$186,477,000.00 "
1/18/2023,$128.78 ,$136.68 ,$127.01 ,$136.56 ,"$195,680,300.00 "
1/19/2023,$127.17 ,$129.99 ,$124.31 ,$127.26 ,"$170,291,900.00 "
1/20/2023,$133.42 ,$133.51 ,$127.35 ,$128.68 ,"$138,858,100.00 "
1/23/2023,$143.75 ,$145.38 ,$134.27 ,$135.87 ,"$203,119,200.00 "
1/24/2023,$143.89 ,$146.50 ,$141.10 ,$143.00 ,"$158,699,100.00 "
1/25/2023,$144.43 ,$146.41 ,$138.07 ,$141.91 ,"$192,734,300.00 "
1/26/2023,$160.27 ,$161.42 ,$154.76 ,$159.97 ,"$234,815,100.00 "
1/27/2023,$177.90 ,$180.68 ,$161.17 ,$162.43 ,"$306,590,600.00 "
1/30/2023,$166.66 ,$179.77 ,$166.50 ,$178.05 ,"$230,878,800.00 "
1/31/2023,$173.22 ,$174.30 ,$162.78 ,$164.57 ,"$196,813,500.00 "
2/1/2023,$181.41 ,$183.81 ,$169.93 ,$173.89 ,"$213,806,300.00 "
2/2/2023,$188.27 ,$196.75 ,$182.61 ,$187.33 ,"$217,448,300.00 "
2/3/2023,$189.98 ,$199.00 ,$183.69 ,$183.95 ,"$232,662,000.00 "
2/6/2023,$194.76 ,$198.17 ,$189.92 ,$193.01 ,"$186,188,100.00 "
2/7/2023,$196.81 ,$197.50 ,$189.55 ,$196.43 ,"$186,010,300.00 "
2/8/2023,$201.29 ,$203.00 ,$194.31 ,$196.10 ,"$180,673,600.00 "
2/9/2023,$207.32 ,$214.00 ,$204.77 ,$207.78 ,"$215,431,400.00 "
2/10/2023,$196.89 ,$206.20 ,$192.89 ,$202.23 ,"$204,754,100.00 "
2/13/2023,$194.64 ,$196.30 ,$187.61 ,$194.42 ,"$172,475,500.00 "
2/14/2023,$209.25 ,$209.82 ,$189.44 ,$191.94 ,"$216,455,700.00 "
2/15/2023,$214.24 ,$214.66 ,$206.11 ,$211.76 ,"$181,006,400.00 "
2/16/2023,$202.04 ,$217.65 ,$201.84 ,$210.78 ,"$229,586,500.00 "
2/17/2023,$208.31 ,$208.44 ,$197.50 ,$199.99 ,"$213,738,500.00 "
2/21/2023,$197.37 ,$209.71 ,$197.22 ,$204.99 ,"$180,018,600.00 "
2/22/2023,$200.86 ,$201.99 ,$191.78 ,$197.93 ,"$191,828,500.00 "
2/23/2023,$202.07 ,$205.14 ,$196.33 ,$203.91 ,"$146,360,000.00 "
2/24/2023,$196.88 ,$197.67 ,$192.80 ,$196.33 ,"$142,228,100.00 "
2/27/2023,$207.63 ,$209.42 ,$201.26 ,$202.03 ,"$161,028,300.00 "
2/28/2023,$205.71 ,$211.23 ,$203.75 ,$210.59 ,"$153,144,900.00 "
3/1/2023,$202.77 ,$207.20 ,$198.52 ,$206.21 ,"$156,852,800.00 "
3/2/2023,$190.90 ,$193.75 ,$186.01 ,$186.74 ,"$181,500,700.00 "
3/3/2023,$197.79 ,$200.48 ,$192.88 ,$194.80 ,"$154,193,300.00 "
3/6/2023,$193.81 ,$198.60 ,$192.30 ,$198.54 ,"$128,100,100.00 "
3/7/2023,$187.71 ,$194.20 ,$186.10 ,$191.38 ,"$148,125,800.00 "
3/8/2023,$182.00 ,$186.50 ,$180.00 ,$185.04 ,"$151,897,800.00 "
3/9/2023,$172.92 ,$185.18 ,$172.51 ,$180.25 ,"$170,023,800.00 "
3/10/2023,$173.44 ,$178.29 ,$168.44 ,$175.13 ,"$191,488,900.00 "
3/13/2023,$174.48 ,$177.35 ,$163.91 ,$167.46 ,"$167,790,300.00 "
3/14/2023,$183.26 ,$183.80 ,$177.14 ,$177.31 ,"$143,717,900.00 "
3/15/2023,$180.45 ,$182.34 ,$176.03 ,$180.80 ,"$145,995,600.00 "
3/16/2023,$184.13 ,$185.81 ,$178.84 ,$180.37 ,"$121,136,800.00 "
3/17/2023,$180.13 ,$186.22 ,$177.33 ,$184.52 ,"$133,197,100.00 "
3/20/2023,$183.25 ,$186.44 ,$176.35 ,$178.08 ,"$129,684,400.00 "
3/21/2023,$197.58 ,$198.00 ,$188.04 ,$188.28 ,"$153,391,400.00 "
3/22/2023,$191.15 ,$200.66 ,$190.95 ,$199.30 ,"$150,376,400.00 "
3/23/2023,$192.22 ,$199.31 ,$188.65 ,$195.26 ,"$144,193,900.00 "
3/24/2023,$190.41 ,$192.36 ,$187.15 ,$191.65 ,"$116,312,400.00 "
3/27/2023,$191.81 ,$197.39 ,$189.94 ,$194.42 ,"$120,851,600.00 "
3/28/2023,$189.19 ,$192.35 ,$185.43 ,$192.00 ,"$98,654,600.00 "
3/29/2023,$193.88 ,$195.29 ,$189.44 ,$193.13 ,"$123,660,000.00 "
3/30/2023,$195.28 ,$197.33 ,$194.42 ,$195.58 ,"$110,252,200.00 "
3/31/2023,$207.46 ,$207.79 ,$197.20 ,$197.53 ,"$170,222,100.00 "
4/3/2023,$194.77 ,$202.69 ,$192.20 ,$199.91 ,"$169,545,900.00 "
4/4/2023,$192.58 ,$198.74 ,$190.32 ,$197.32 ,"$126,463,800.00 "
4/5/2023,$185.52 ,$190.68 ,$183.76 ,$190.52 ,"$133,882,500.00 "
4/6/2023,$185.06 ,$186.39 ,$179.74 ,$183.08 ,"$123,857,900.00 "
4/10/2023,$184.51 ,$185.10 ,$176.11 ,$179.94 ,"$142,154,600.00 "
4/11/2023,$186.79 ,$189.19 ,$185.65 ,$186.69 ,"$115,770,900.00 "
4/12/2023,$180.54 ,$191.58 ,$180.31 ,$190.74 ,"$150,256,300.00 "
4/13/2023,$185.90 ,$186.50 ,$180.94 ,$182.96 ,"$112,933,000.00 "
4/14/2023,$185.00 ,$186.28 ,$182.01 ,$183.95 ,"$96,438,700.00 "
4/17/2023,$187.04 ,$189.69 ,$182.69 ,$186.32 ,"$116,662,200.00 "
4/18/2023,$184.31 ,$187.69 ,$183.58 ,$187.15 ,"$92,067,000.00 "
4/19/2023,$180.59 ,$183.50 ,$177.65 ,$179.10 ,"$125,732,700.00 "
4/20/2023,$162.99 ,$169.70 ,$160.56 ,$166.17 ,"$210,970,800.00 "
4/21/2023,$165.08 ,$166.00 ,$161.32 ,$164.80 ,"$123,539,000.00 "
4/24/2023,$162.55 ,$165.65 ,$158.61 ,$164.65 ,"$140,006,600.00 "
4/25/2023,$160.67 ,$163.47 ,$158.75 ,$159.82 ,"$121,999,300.00 "
4/26/2023,$153.75 ,$160.67 ,$153.14 ,$160.29 ,"$153,364,100.00 "
4/27/2023,$160.19 ,$160.48 ,$152.37 ,$152.64 ,"$127,015,200.00 "
4/28/2023,$164.31 ,$165.00 ,$157.32 ,$160.90 ,"$122,515,800.00 "
5/1/2023,$161.83 ,$163.28 ,$158.83 ,$163.17 ,"$109,015,000.00 "
5/2/2023,$160.31 ,$165.49 ,$158.93 ,$161.88 ,"$128,259,700.00 "
5/3/2023,$160.61 ,$165.00 ,$159.91 ,$160.01 ,"$119,728,000.00 "
5/4/2023,$161.20 ,$162.95 ,$159.65 ,$162.71 ,"$95,108,500.00 "
5/5/2023,$170.06 ,$170.79 ,$163.51 ,$163.97 ,"$107,607,300.00 "
5/8/2023,$171.79 ,$173.80 ,$169.19 ,$173.72 ,"$112,249,400.00 "
5/9/2023,$169.15 ,$169.82 ,$166.56 ,$168.95 ,"$88,965,000.00 "
5/10/2023,$168.54 ,$174.43 ,$166.68 ,$172.55 ,"$119,840,700.00 "
5/11/2023,$172.08 ,$173.57 ,$166.79 ,$168.70 ,"$103,889,900.00 "
5/12/2023,$167.98 ,$177.38 ,$167.23 ,$176.07 ,"$157,849,600.00 "
5/15/2023,$166.35 ,$169.76 ,$164.55 ,$167.66 ,"$105,592,500.00 "
5/16/2023,$166.52 ,$169.52 ,$164.35 ,$165.65 ,"$98,288,800.00 "
5/17/2023,$173.86 ,$174.50 ,$167.19 ,$168.41 ,"$125,473,600.00 "
5/18/2023,$176.89 ,$177.06 ,$172.45 ,$174.22 ,"$109,520,300.00 "
5/19/2023,$180.14 ,$181.95 ,$176.31 ,$177.17 ,"$136,196,700.00 "
5/22/2023,$188.87 ,$189.32 ,$180.11 ,$180.70 ,"$132,001,400.00 "
5/23/2023,$185.77 ,$192.96 ,$185.26 ,$186.20 ,"$156,952,100.00 "
5/24/2023,$182.90 ,$184.22 ,$178.22 ,$182.23 ,"$137,605,100.00 "
5/25/2023,$184.47 ,$186.78 ,$180.58 ,$186.54 ,"$96,870,700.00 "
5/26/2023,$193.17 ,$198.60 ,$184.53 ,$184.62 ,"$162,061,500.00 "
5/30/2023,$201.16 ,$204.48 ,$197.53 ,$200.10 ,"$128,818,700.00 "
5/31/2023,$203.93 ,$203.95 ,$195.12 ,$199.78 ,"$150,711,700.00 "
6/1/2023,$207.52 ,$209.80 ,$199.37 ,$202.59 ,"$148,029,900.00 "
6/2/2023,$213.97 ,$217.25 ,$209.75 ,$210.15 ,"$164,398,400.00 "
6/5/2023,$217.61 ,$221.29 ,$214.52 ,$217.80 ,"$151,143,100.00 "
6/6/2023,$221.31 ,$221.91 ,$212.53 ,$216.14 ,"$146,911,600.00 "
6/7/2023,$224.57 ,$230.83 ,$223.20 ,$228.00 ,"$185,710,800.00 "
6/8/2023,$234.86 ,$235.23 ,$223.01 ,$224.22 ,"$164,489,700.00 "
6/9/2023,$244.40 ,$252.42 ,$242.02 ,$249.07 ,"$200,242,400.00 "
6/12/2023,$249.83 ,$250.97 ,$244.59 ,$247.94 ,"$150,337,900.00 "
6/13/2023,$258.71 ,$259.68 ,$251.34 ,$253.51 ,"$162,384,300.00 "
6/14/2023,$256.79 ,$261.57 ,$250.50 ,$260.17 ,"$170,575,500.00 "
6/15/2023,$255.90 ,$258.95 ,$247.29 ,$248.40 ,"$160,171,200.00 "
6/16/2023,$260.54 ,$263.60 ,$257.21 ,$258.92 ,"$167,915,600.00 "
6/20/2023,$274.45 ,$274.75 ,$261.12 ,$261.50 ,"$165,611,200.00 "
6/21/2023,$259.46 ,$276.99 ,$257.78 ,$275.13 ,"$211,797,100.00 "
6/22/2023,$264.61 ,$265.00 ,$248.25 ,$250.77 ,"$166,875,900.00 "
6/23/2023,$256.60 ,$262.45 ,$252.80 ,$259.29 ,"$177,460,800.00 "
6/26/2023,$241.05 ,$258.37 ,$240.70 ,$250.07 ,"$179,990,600.00 "
6/27/2023,$250.21 ,$250.39 ,$240.85 ,$243.24 ,"$164,968,200.00 "
6/28/2023,$256.24 ,$259.88 ,$248.89 ,$249.70 ,"$159,770,800.00 "
6/29/2023,$257.50 ,$260.74 ,$253.61 ,$258.03 ,"$131,283,400.00 "
6/30/2023,$261.77 ,$264.45 ,$259.89 ,$260.60 ,"$112,620,800.00 "
7/3/2023,$279.82 ,$284.25 ,$275.11 ,$276.49 ,"$119,685,900.00 "
7/5/2023,$282.48 ,$283.85 ,$277.60 ,$278.82 ,"$131,530,900.00 "
7/6/2023,$276.54 ,$279.97 ,$272.88 ,$278.09 ,"$120,332,100.00 "
7/7/2023,$274.43 ,$280.78 ,$273.77 ,$278.43 ,"$113,879,200.00 "
7/10/2023,$269.61 ,$277.52 ,$265.10 ,$276.47 ,"$119,425,400.00 "
7/11/2023,$269.79 ,$270.90 ,$266.37 ,$268.65 ,"$91,972,400.00 "
7/12/2023,$271.99 ,$276.52 ,$271.46 ,$276.33 ,"$95,672,100.00 "
7/13/2023,$277.90 ,$279.45 ,$270.60 ,$274.59 ,"$112,681,500.00 "
7/14/2023,$281.38 ,$285.30 ,$276.31 ,$277.01 ,"$120,062,400.00 "
7/17/2023,$290.38 ,$292.23 ,$283.57 ,$286.63 ,"$131,569,600.00 "
7/18/2023,$293.34 ,$295.26 ,$286.01 ,$290.15 ,"$112,120,300.00 "
7/19/2023,$291.26 ,$299.29 ,$289.52 ,$296.04 ,"$142,355,400.00 "
7/20/2023,$262.90 ,$280.93 ,$261.20 ,$279.56 ,"$175,158,300.00 "
7/21/2023,$260.02 ,$268.00 ,$255.80 ,$268.00 ,"$161,796,100.00 "
7/24/2023,$269.06 ,$269.85 ,$254.12 ,$255.85 ,"$136,508,500.00 "
7/25/2023,$265.28 ,$272.90 ,$265.00 ,$272.38 ,"$112,757,300.00 "
7/26/2023,$264.35 ,$268.04 ,$261.75 ,$263.25 ,"$95,856,200.00 "
7/27/2023,$255.71 ,$269.13 ,$255.30 ,$268.31 ,"$103,697,300.00 "
7/28/2023,$266.44 ,$267.25 ,$258.23 ,$259.86 ,"$111,446,000.00 "
7/31/2023,$267.43 ,$269.08 ,$263.78 ,$267.48 ,"$84,582,200.00 "
8/1/2023,$261.07 ,$266.47 ,$260.25 ,$266.26 ,"$83,166,000.00 "
8/2/2023,$254.11 ,$259.52 ,$250.49 ,$255.57 ,"$101,752,900.00 "
8/3/2023,$259.32 ,$260.49 ,$252.00 ,$252.04 ,"$97,569,100.00 "
8/4/2023,$253.86 ,$264.77 ,$253.11 ,$260.97 ,"$99,539,900.00 "
8/7/2023,$251.45 ,$253.65 ,$242.76 ,$251.45 ,"$111,097,900.00 "
8/8/2023,$249.70 ,$250.92 ,$245.01 ,$247.45 ,"$96,642,200.00 "
8/9/2023,$242.19 ,$251.10 ,$241.90 ,$250.87 ,"$101,596,300.00 "
8/10/2023,$245.34 ,$251.80 ,$243.00 ,$245.40 ,"$109,498,600.00 "
8/11/2023,$242.65 ,$243.79 ,$238.02 ,$241.77 ,"$99,038,600.00 "
8/14/2023,$239.76 ,$240.66 ,$233.75 ,$235.70 ,"$98,595,300.00 "
8/15/2023,$232.96 ,$240.50 ,$232.61 ,$238.73 ,"$88,197,600.00 "
8/16/2023,$225.60 ,$233.97 ,$225.38 ,$228.02 ,"$112,484,500.00 "
8/17/2023,$219.22 ,$226.74 ,$218.83 ,$226.06 ,"$120,718,400.00 "
8/18/2023,$215.49 ,$217.58 ,$212.36 ,$214.12 ,"$136,276,600.00 "
8/21/2023,$231.28 ,$232.13 ,$220.58 ,$221.55 ,"$135,702,700.00 "
8/22/2023,$233.19 ,$240.82 ,$229.55 ,$240.25 ,"$130,442,800.00 "
8/23/2023,$236.86 ,$238.98 ,$229.29 ,$229.34 ,"$101,077,600.00 "
8/24/2023,$230.04 ,$238.92 ,$228.18 ,$238.66 ,"$99,777,400.00 "
8/25/2023,$238.59 ,$239.00 ,$230.35 ,$231.31 ,"$106,612,200.00 "
8/28/2023,$238.82 ,$244.38 ,$235.35 ,$242.58 ,"$107,673,700.00 "
8/29/2023,$257.18 ,$257.48 ,$237.77 ,$238.58 ,"$134,047,600.00 "
8/30/2023,$256.90 ,$260.51 ,$250.59 ,$254.20 ,"$121,988,400.00 "
8/31/2023,$258.08 ,$261.18 ,$255.05 ,$255.98 ,"$108,861,700.00 "
9/1/2023,$245.01 ,$259.08 ,$242.01 ,$257.26 ,"$132,541,600.00 "
9/5/2023,$256.49 ,$258.00 ,$244.86 ,$245.00 ,"$129,469,600.00 "
9/6/2023,$251.92 ,$255.39 ,$245.06 ,$255.14 ,"$116,959,800.00 "
9/7/2023,$251.49 ,$252.81 ,$243.27 ,$245.07 ,"$115,312,900.00 "
9/8/2023,$248.50 ,$256.52 ,$246.67 ,$251.22 ,"$118,367,700.00 "
9/11/2023,$273.58 ,$274.85 ,$260.61 ,$264.27 ,"$174,667,900.00 "
9/12/2023,$267.48 ,$278.39 ,$266.60 ,$270.76 ,"$135,999,900.00 "
9/13/2023,$271.30 ,$274.98 ,$268.10 ,$270.07 ,"$111,673,700.00 "
9/14/2023,$276.04 ,$276.71 ,$270.42 ,$271.32 ,"$107,709,800.00 "
9/15/2023,$274.39 ,$278.98 ,$271.00 ,$277.55 ,"$133,692,300.00 "
9/18/2023,$265.28 ,$271.44 ,$263.76 ,$271.16 ,"$101,543,300.00 "
9/19/2023,$266.50 ,$267.85 ,$261.20 ,$264.35 ,"$103,704,000.00 "
9/20/2023,$262.59 ,$273.93 ,$262.46 ,$267.04 ,"$122,514,600.00 "
9/21/2023,$255.70 ,$260.86 ,$254.21 ,$257.85 ,"$119,951,500.00 "
9/22/2023,$244.88 ,$257.79 ,$244.48 ,$257.40 ,"$127,524,100.00 "
9/25/2023,$246.99 ,$247.10 ,$238.31 ,$243.38 ,"$104,636,600.00 "
9/26/2023,$244.12 ,$249.55 ,$241.66 ,$242.98 ,"$101,993,600.00 "
9/27/2023,$240.50 ,$245.33 ,$234.58 ,$244.26 ,"$136,597,200.00 "
9/28/2023,$246.38 ,$247.55 ,$238.65 ,$240.02 ,"$117,058,900.00 "
9/29/2023,$250.22 ,$254.77 ,$246.35 ,$250.00 ,"$128,522,700.00 "
10/2/2023,$251.60 ,$254.28 ,$242.62 ,$244.81 ,"$123,810,400.00 "
10/3/2023,$246.53 ,$250.02 ,$244.45 ,$248.61 ,"$101,985,300.00 "
10/4/2023,$261.16 ,$261.86 ,$247.60 ,$248.14 ,"$129,721,600.00 "
10/5/2023,$260.05 ,$263.60 ,$256.25 ,$260.00 ,"$119,159,200.00 "
10/6/2023,$260.53 ,$261.65 ,$250.65 ,$253.98 ,"$118,121,800.00 "
10/9/2023,$259.67 ,$261.36 ,$252.05 ,$255.31 ,"$101,377,900.00 "
10/10/2023,$263.62 ,$268.94 ,$257.65 ,$257.75 ,"$122,656,000.00 "
10/11/2023,$262.99 ,$268.60 ,$260.90 ,$266.20 ,"$103,706,300.00 "
10/12/2023,$258.87 ,$265.41 ,$256.63 ,$262.92 ,"$111,508,100.00 "
10/13/2023,$251.12 ,$259.60 ,$250.22 ,$258.90 ,"$102,073,800.00 "
10/16/2023,$253.92 ,$255.40 ,$248.48 ,$250.05 ,"$88,917,200.00 "
10/17/2023,$254.85 ,$257.18 ,$247.08 ,$250.10 ,"$93,562,900.00 "
10/18/2023,$242.68 ,$254.63 ,$242.08 ,$252.70 ,"$125,147,800.00 "
10/19/2023,$220.11 ,$230.61 ,$216.78 ,$225.95 ,"$170,772,700.00 "
10/20/2023,$211.99 ,$218.86 ,$210.42 ,$217.01 ,"$138,010,100.00 "
10/23/2023,$212.08 ,$216.98 ,$202.51 ,$210.00 ,"$150,683,400.00 "
10/24/2023,$216.52 ,$222.05 ,$214.11 ,$216.50 ,"$118,231,100.00 "
10/25/2023,$212.42 ,$220.10 ,$212.20 ,$215.88 ,"$107,065,100.00 "
10/26/2023,$205.76 ,$214.80 ,$204.88 ,$211.32 ,"$115,112,600.00 "
10/27/2023,$207.30 ,$212.41 ,$205.77 ,$210.60 ,"$94,881,200.00 "
10/30/2023,$197.36 ,$210.88 ,$194.67 ,$209.28 ,"$136,448,200.00 "
10/31/2023,$200.84 ,$202.80 ,$194.07 ,$196.12 ,"$118,068,300.00 "
11/1/2023,$205.66 ,$205.99 ,$197.85 ,$204.04 ,"$121,661,700.00 "
11/2/2023,$218.51 ,$219.20 ,$211.45 ,$212.97 ,"$125,987,600.00 "
11/3/2023,$219.96 ,$226.37 ,$218.40 ,$221.15 ,"$119,534,800.00 "
11/6/2023,$219.27 ,$226.32 ,$215.00 ,$223.98 ,"$117,335,800.00 "
11/7/2023,$222.18 ,$223.12 ,$215.72 ,$219.98 ,"$116,900,100.00 "
11/8/2023,$222.11 ,$224.15 ,$217.64 ,$223.15 ,"$106,584,800.00 "
11/9/2023,$209.98 ,$220.80 ,$206.68 ,$219.75 ,"$142,110,500.00 "
11/10/2023,$214.65 ,$215.38 ,$205.69 ,$210.03 ,"$130,994,000.00 "
11/13/2023,$223.71 ,$225.40 ,$211.61 ,$215.60 ,"$140,447,600.00 "
11/14/2023,$237.41 ,$238.14 ,$230.72 ,$235.03 ,"$149,771,600.00 "
11/15/2023,$242.84 ,$246.70 ,$236.45 ,$239.29 ,"$150,354,000.00 "
11/16/2023,$233.59 ,$240.88 ,$230.96 ,$239.49 ,"$136,816,800.00 "
11/17/2023,$234.30 ,$237.39 ,$226.54 ,$232.00 ,"$142,532,800.00 "
11/20/2023,$235.60 ,$237.10 ,$231.02 ,$234.04 ,"$116,320,100.00 "
11/21/2023,$241.20 ,$243.62 ,$233.34 ,$235.04 ,"$122,288,000.00 "
11/22/2023,$234.21 ,$244.01 ,$231.40 ,$242.04 ,"$117,950,600.00 "
11/24/2023,$235.45 ,$238.75 ,$232.33 ,$233.75 ,"$65,125,200.00 "
11/27/2023,$236.08 ,$238.33 ,$232.10 ,$236.89 ,"$112,031,800.00 "
11/28/2023,$246.72 ,$247.00 ,$234.01 ,$236.68 ,"$148,549,900.00 "
11/29/2023,$244.14 ,$252.75 ,$242.76 ,$249.21 ,"$135,401,300.00 "
11/30/2023,$240.08 ,$245.22 ,$236.91 ,$245.14 ,"$132,353,200.00 "
12/1/2023,$238.83 ,$240.19 ,$231.90 ,$233.14 ,"$121,331,700.00 "
12/4/2023,$235.58 ,$239.37 ,$233.29 ,$235.75 ,"$104,099,800.00 "
12/5/2023,$238.72 ,$246.66 ,$233.70 ,$233.87 ,"$137,971,100.00 "
12/6/2023,$239.37 ,$246.57 ,$239.17 ,$242.92 ,"$126,436,200.00 "
12/7/2023,$242.64 ,$244.08 ,$236.98 ,$241.55 ,"$107,142,300.00 "
12/8/2023,$243.84 ,$245.27 ,$239.27 ,$240.27 ,"$103,126,800.00 "
12/11/2023,$239.74 ,$243.44 ,$237.45 ,$242.74 ,"$97,913,900.00 "
12/12/2023,$237.01 ,$238.99 ,$233.87 ,$238.55 ,"$95,328,300.00 "
12/13/2023,$239.29 ,$240.30 ,$228.20 ,$234.19 ,"$146,286,300.00 "
12/14/2023,$251.05 ,$253.88 ,$240.79 ,$241.22 ,"$160,829,200.00 "
12/15/2023,$253.50 ,$254.13 ,$248.30 ,$251.21 ,"$135,932,800.00 "
12/18/2023,$252.08 ,$258.74 ,$251.36 ,$253.78 ,"$116,416,500.00 "
12/19/2023,$257.22 ,$258.34 ,$253.01 ,$253.48 ,"$106,737,400.00 "
12/20/2023,$247.14 ,$259.84 ,$247.00 ,$256.41 ,"$125,097,000.00 "
12/21/2023,$254.50 ,$254.80 ,$248.55 ,$251.90 ,"$109,594,200.00 "
12/22/2023,$252.54 ,$258.22 ,$251.37 ,$256.76 ,"$93,370,100.00 "
12/26/2023,$256.61 ,$257.97 ,$252.91 ,$254.49 ,"$86,892,400.00 "
12/27/2023,$261.44 ,$263.34 ,$257.52 ,$258.35 ,"$106,494,400.00 "
12/28/2023,$253.18 ,$265.13 ,$252.71 ,$263.66 ,"$113,619,900.00 "
12/29/2023,$248.48 ,$255.19 ,$247.43 ,$255.10 ,"$100,891,600.00 "
1/2/2024,$248.42 ,$251.25 ,$244.41 ,$250.08 ,"$104,654,200.00 "
1/3/2024,$238.45 ,$245.68 ,$236.32 ,$244.98 ,"$121,082,600.00 "
1/4/2024,$237.93 ,$242.70 ,$237.73 ,$239.25 ,"$102,629,300.00 "
1/5/2024,$237.49 ,$240.12 ,$234.90 ,$236.86 ,"$92,488,900.00 "
1/8/2024,$240.45 ,$241.25 ,$235.30 ,$236.14 ,"$85,166,600.00 "
1/9/2024,$234.96 ,$238.96 ,$232.04 ,$238.11 ,"$96,705,700.00 "
1/10/2024,$233.94 ,$235.50 ,$231.29 ,$235.10 ,"$91,628,500.00 "
1/11/2024,$227.22 ,$230.93 ,$225.37 ,$230.57 ,"$105,873,600.00 "
1/12/2024,$218.89 ,$225.34 ,$217.15 ,$220.08 ,"$123,043,800.00 "
1/16/2024,$219.91 ,$223.49 ,$212.18 ,$215.10 ,"$115,355,000.00 "
1/17/2024,$215.55 ,$215.67 ,$212.01 ,$214.86 ,"$103,164,400.00 "
1/18/2024,$211.88 ,$217.45 ,$208.74 ,$216.88 ,"$108,595,400.00 "
1/19/2024,$212.19 ,$213.19 ,$207.56 ,$209.99 ,"$102,260,300.00 "
1/22/2024,$208.80 ,$217.80 ,$206.27 ,$212.26 ,"$117,952,500.00 "
1/23/2024,$209.14 ,$215.65 ,$207.75 ,$211.30 ,"$106,605,900.00 "
1/24/2024,$207.83 ,$212.73 ,$206.77 ,$211.88 ,"$123,369,900.00 "
1/25/2024,$182.63 ,$193.00 ,$180.06 ,$189.70 ,"$198,076,800.00 "
1/26/2024,$183.25 ,$186.78 ,$182.10 ,$185.50 ,"$107,343,200.00 "
1/29/2024,$190.93 ,$191.48 ,$183.67 ,$185.63 ,"$125,013,100.00 "
1/30/2024,$191.59 ,$196.36 ,$190.61 ,$195.33 ,"$109,982,300.00 "
1/31/2024,$187.29 ,$193.97 ,$185.85 ,$187.00 ,"$103,221,400.00 "
2/1/2024,$188.86 ,$189.88 ,$184.28 ,$188.50 ,"$91,843,300.00 "
2/2/2024,$187.91 ,$188.69 ,$182.00 ,$185.04 ,"$110,612,700.00 "
2/5/2024,$181.06 ,$184.68 ,$175.01 ,$184.26 ,"$134,294,400.00 "
2/6/2024,$185.10 ,$186.49 ,$177.11 ,$177.21 ,"$122,676,000.00 "
2/7/2024,$187.58 ,$189.79 ,$182.68 ,$188.18 ,"$111,535,200.00 "
2/8/2024,$189.56 ,$191.62 ,$185.58 ,$189.00 ,"$83,034,000.00 "
2/9/2024,$193.57 ,$194.12 ,$189.48 ,$190.18 ,"$84,476,300.00 "
2/12/2024,$188.13 ,$194.73 ,$187.28 ,$192.11 ,"$95,498,600.00 "
2/13/2024,$184.02 ,$187.26 ,$182.11 ,$183.99 ,"$86,759,500.00 "
2/14/2024,$188.71 ,$188.89 ,$183.35 ,$185.30 ,"$81,203,000.00 "
2/15/2024,$200.45 ,$200.88 ,$188.86 ,$189.16 ,"$120,831,800.00 "
2/16/2024,$199.95 ,$203.17 ,$197.40 ,$202.06 ,"$111,346,700.00 "
2/20/2024,$193.76 ,$198.60 ,$189.13 ,$196.13 ,"$104,545,800.00 "
2/21/2024,$194.77 ,$199.44 ,$191.95 ,$193.36 ,"$103,500,300.00 "
2/22/2024,$197.41 ,$198.32 ,$191.36 ,$194.00 ,"$92,739,500.00 "
2/23/2024,$191.97 ,$197.57 ,$191.50 ,$195.31 ,"$78,841,900.00 "
2/26/2024,$199.40 ,$201.78 ,$192.00 ,$192.29 ,"$111,747,100.00 "
2/27/2024,$199.73 ,$205.60 ,$198.26 ,$204.04 ,"$108,645,400.00 "
2/28/2024,$202.04 ,$205.30 ,$198.44 ,$200.42 ,"$99,806,200.00 "
2/29/2024,$201.88 ,$205.28 ,$198.45 ,$204.18 ,"$85,907,000.00 "
3/1/2024,$202.64 ,$204.52 ,$198.50 ,$200.52 ,"$82,243,100.00 "
3/4/2024,$188.14 ,$199.75 ,$186.72 ,$198.73 ,"$134,334,900.00 "
3/5/2024,$180.74 ,$184.59 ,$177.57 ,$183.05 ,"$119,660,800.00 "
3/6/2024,$176.54 ,$181.58 ,$173.70 ,$179.99 ,"$107,920,900.00 "
3/7/2024,$178.65 ,$180.04 ,$173.70 ,$174.35 ,"$102,129,000.00 "
3/8/2024,$175.34 ,$182.73 ,$174.70 ,$181.50 ,"$85,544,600.00 "
3/11/2024,$177.77 ,$182.87 ,$174.80 ,$175.45 ,"$85,391,500.00 "
3/12/2024,$177.54 ,$179.43 ,$172.41 ,$177.77 ,"$87,391,700.00 "
3/13/2024,$169.48 ,$176.05 ,$169.15 ,$173.05 ,"$106,524,500.00 "
3/14/2024,$162.50 ,$171.17 ,$160.51 ,$167.77 ,"$126,325,700.00 "
3/15/2024,$163.57 ,$165.18 ,$160.76 ,$163.16 ,"$97,146,800.00 "
3/18/2024,$173.80 ,$174.72 ,$165.90 ,$170.02 ,"$108,214,400.00 "
3/19/2024,$171.32 ,$172.82 ,$167.42 ,$172.36 ,"$77,271,400.00 "
3/20/2024,$175.66 ,$176.25 ,$170.82 ,$173.00 ,"$83,846,700.00 "
3/21/2024,$172.82 ,$178.18 ,$171.80 ,$176.39 ,"$73,178,000.00 "
3/22/2024,$170.83 ,$171.20 ,$166.30 ,$166.69 ,"$75,580,600.00 "
3/25/2024,$172.63 ,$175.24 ,$168.73 ,$168.76 ,"$74,228,600.00 "
3/26/2024,$177.67 ,$184.25 ,$177.38 ,$178.58 ,"$113,186,200.00 "
3/27/2024,$179.83 ,$181.91 ,$176.00 ,$181.41 ,"$81,804,000.00 "
3/28/2024,$175.79 ,$179.57 ,$175.30 ,$177.45 ,"$77,654,800.00 "
4/1/2024,$175.22 ,$176.75 ,$170.21 ,$176.17 ,"$81,562,100.00 "
4/2/2024,$166.63 ,$167.69 ,$163.43 ,$164.75 ,"$116,650,600.00 "
4/3/2024,$168.38 ,$168.82 ,$163.28 ,$164.02 ,"$82,950,100.00 "
4/4/2024,$171.11 ,$177.19 ,$168.01 ,$170.07 ,"$123,162,000.00 "
4/5/2024,$164.90 ,$170.86 ,$160.51 ,$169.08 ,"$143,157,600.00 "
4/8/2024,$172.98 ,$174.50 ,$167.79 ,$169.34 ,"$104,423,300.00 "
4/9/2024,$176.88 ,$179.22 ,$171.92 ,$172.91 ,"$102,951,700.00 "
4/10/2024,$171.76 ,$174.93 ,$170.01 ,$173.04 ,"$84,532,400.00 "
4/11/2024,$174.60 ,$175.88 ,$168.51 ,$172.55 ,"$94,516,000.00 "
4/12/2024,$171.05 ,$173.81 ,$170.36 ,$172.34 ,"$64,722,700.00 "
4/15/2024,$161.48 ,$170.69 ,$161.38 ,$170.24 ,"$100,245,300.00 "
4/16/2024,$157.11 ,$158.19 ,$153.75 ,$156.74 ,"$97,000,000.00 "
4/17/2024,$155.45 ,$158.33 ,$153.78 ,$157.64 ,"$82,439,700.00 "
4/18/2024,$149.93 ,$152.20 ,$148.70 ,$151.25 ,"$96,098,800.00 "
4/19/2024,$147.05 ,$150.94 ,$146.22 ,$148.97 ,"$87,074,500.00 "
4/22/2024,$142.05 ,$144.44 ,$138.80 ,$140.56 ,"$107,097,600.00 "
4/23/2024,$144.68 ,$147.26 ,$141.11 ,$143.33 ,"$124,545,100.00 "
4/24/2024,$162.13 ,$167.97 ,$157.51 ,$162.84 ,"$181,178,000.00 "
4/25/2024,$170.18 ,$170.88 ,$158.36 ,$158.96 ,"$126,427,500.00 "
4/26/2024,$168.29 ,$172.12 ,$166.37 ,$168.85 ,"$109,815,700.00 "
4/29/2024,$194.05 ,$198.87 ,$184.54 ,$188.42 ,"$243,869,700.00 "
4/30/2024,$183.28 ,$190.95 ,$182.84 ,$186.98 ,"$127,031,800.00 "
5/1/2024,$179.99 ,$185.86 ,$179.01 ,$182.00 ,"$92,829,700.00 "
5/2/2024,$180.01 ,$184.60 ,$176.02 ,$182.86 ,"$89,148,000.00 "
5/3/2024,$181.19 ,$184.78 ,$178.42 ,$182.10 ,"$75,491,500.00 "
5/6/2024,$184.76 ,$187.56 ,$182.20 ,$183.80 ,"$84,390,300.00 "
5/7/2024,$177.81 ,$183.26 ,$177.40 ,$182.40 ,"$75,045,900.00 "
5/8/2024,$174.72 ,$176.06 ,$170.15 ,$171.59 ,"$79,969,500.00 "
5/9/2024,$171.97 ,$175.62 ,$171.37 ,$175.01 ,"$65,950,300.00 "
5/10/2024,$168.47 ,$173.06 ,$167.75 ,$173.05 ,"$72,627,200.00 "
5/13/2024,$171.89 ,$175.40 ,$169.00 ,$170.00 ,"$67,018,900.00 "
5/14/2024,$177.55 ,$179.49 ,$174.07 ,$174.50 ,"$86,407,400.00 "
5/15/2024,$173.99 ,$180.00 ,$173.11 ,$179.90 ,"$79,663,000.00 "
5/16/2024,$174.84 ,$175.79 ,$171.43 ,$174.10 ,"$59,812,200.00 "
5/17/2024,$177.46 ,$179.63 ,$172.75 ,$173.55 ,"$77,445,800.00 "
5/20/2024,$174.95 ,$177.75 ,$173.52 ,$177.56 ,"$61,727,400.00 "
5/21/2024,$186.60 ,$186.88 ,$174.71 ,$175.51 ,"$115,266,500.00 "
5/22/2024,$180.11 ,$183.80 ,$178.12 ,$182.85 ,"$88,313,500.00 "
5/23/2024,$173.74 ,$181.90 ,$173.26 ,$181.80 ,"$71,975,500.00 "
5/24/2024,$179.24 ,$180.08 ,$173.73 ,$174.84 ,"$65,584,500.00 "
5/28/2024,$176.75 ,$178.25 ,$173.16 ,$176.40 ,"$59,736,600.00 "
5/29/2024,$176.19 ,$178.15 ,$173.93 ,$174.19 ,"$54,782,600.00 "
5/30/2024,$178.79 ,$182.67 ,$175.38 ,$178.58 ,"$77,618,400.00 "
5/31/2024,$178.08 ,$180.32 ,$173.82 ,$178.50 ,"$67,314,600.00 "
6/3/2024,$176.29 ,$182.64 ,$174.49 ,$178.13 ,"$68,568,900.00 "
6/4/2024,$174.77 ,$177.76 ,$174.00 ,$174.78 ,"$60,056,300.00 "
6/5/2024,$175.00 ,$176.15 ,$172.13 ,$175.35 ,"$57,953,800.00 "
6/6/2024,$177.94 ,$179.73 ,$172.73 ,$174.60 ,"$69,887,000.00 "
6/7/2024,$177.48 ,$179.35 ,$175.58 ,$176.13 ,"$56,244,900.00 "
6/10/2024,$173.79 ,$178.57 ,$173.17 ,$176.06 ,"$50,774,600.00 "
6/11/2024,$170.66 ,$174.75 ,$167.41 ,$173.92 ,"$64,761,900.00 "
6/12/2024,$177.29 ,$180.55 ,$169.80 ,$171.12 ,"$90,389,400.00 "
6/13/2024,$182.47 ,$191.08 ,$181.23 ,$188.39 ,"$118,984,100.00 "
6/14/2024,$178.01 ,$186.00 ,$176.92 ,$185.80 ,"$82,038,200.00 "
6/17/2024,$187.44 ,$188.81 ,$177.00 ,$177.92 ,"$109,786,100.00 "
6/18/2024,$184.86 ,$187.20 ,$182.37 ,$186.56 ,"$68,982,300.00 "
6/20/2024,$181.57 ,$185.21 ,$179.66 ,$184.68 ,"$55,893,100.00 "
6/21/2024,$183.01 ,$183.95 ,$180.69 ,$182.30 ,"$61,937,300.00 "
6/24/2024,$182.58 ,$188.80 ,$182.55 ,$184.97 ,"$61,992,100.00 "
6/25/2024,$187.35 ,$187.97 ,$182.01 ,$184.40 ,"$62,905,700.00 "
6/26/2024,$196.37 ,$197.76 ,$186.36 ,$186.54 ,"$95,737,100.00 "
6/27/2024,$197.42 ,$198.72 ,$194.05 ,$195.17 ,"$72,746,500.00 "
6/28/2024,$197.88 ,$203.20 ,$195.26 ,$199.55 ,"$95,438,100.00 "
7/1/2024,$209.86 ,$213.23 ,$200.85 ,$201.02 ,"$135,691,400.00 "
7/2/2024,$231.26 ,$231.30 ,$218.06 ,$218.89 ,"$205,047,900.00 "
7/3/2024,$246.39 ,$248.35 ,$234.25 ,$234.56 ,"$166,561,500.00 "
7/5/2024,$251.52 ,$252.37 ,$242.46 ,$249.81 ,"$154,501,200.00 "
7/8/2024,$252.94 ,$259.44 ,$244.57 ,$247.71 ,"$157,219,600.00 "
7/9/2024,$262.33 ,$265.61 ,$250.30 ,$251.00 ,"$160,210,900.00 "
7/10/2024,$263.26 ,$267.59 ,$257.86 ,$262.80 ,"$128,519,400.00 "
7/11/2024,$241.03 ,$271.00 ,$239.65 ,$263.30 ,"$221,707,300.00 "
7/12/2024,$248.23 ,$251.84 ,$233.09 ,$235.80 ,"$155,955,800.00 "
7/15/2024,$252.64 ,$265.60 ,$251.73 ,$255.97 ,"$146,912,900.00 "
7/16/2024,$256.56 ,$258.62 ,$245.80 ,$255.31 ,"$126,332,500.00 "
7/17/2024,$248.50 ,$258.47 ,$246.18 ,$252.73 ,"$115,584,800.00 "
7/18/2024,$249.23 ,$257.14 ,$247.20 ,$251.09 ,"$110,869,000.00 "
7/19/2024,$239.20 ,$249.44 ,$236.83 ,$247.79 ,"$87,403,900.00 "
7/22/2024,$251.51 ,$253.21 ,$243.75 ,$244.21 ,"$101,225,400.00 "
7/23/2024,$246.38 ,$255.76 ,$245.63 ,$253.60 ,"$111,928,200.00 "
7/24/2024,$215.99 ,$225.99 ,$214.71 ,$225.42 ,"$167,942,900.00 "
7/25/2024,$220.25 ,$226.00 ,$216.23 ,$216.80 ,"$100,636,500.00 "
7/26/2024,$219.80 ,$222.28 ,$215.33 ,$221.19 ,"$94,604,100.00 "
7/29/2024,$232.10 ,$234.27 ,$224.70 ,$224.90 ,"$129,201,800.00 "
7/30/2024,$222.62 ,$232.41 ,$220.00 ,$232.25 ,"$100,560,300.00 "
7/31/2024,$232.07 ,$234.68 ,$226.79 ,$227.90 ,"$67,497,000.00 "
8/1/2024,$216.86 ,$231.87 ,$214.33 ,$227.69 ,"$83,861,900.00 "
8/2/2024,$207.67 ,$216.13 ,$205.78 ,$214.88 ,"$82,880,100.00 "
8/5/2024,$198.88 ,$203.88 ,$182.00 ,$185.22 ,"$100,308,800.00 "
8/6/2024,$200.64 ,$202.90 ,$192.67 ,$200.75 ,"$73,783,900.00 "
8/7/2024,$191.76 ,$203.49 ,$191.48 ,$200.77 ,"$71,159,800.00 "
8/8/2024,$198.84 ,$200.70 ,$192.04 ,$195.70 ,"$65,033,900.00 "
8/9/2024,$200.00 ,$200.88 ,$195.11 ,$197.05 ,"$58,648,300.00 "
8/12/2024,$197.49 ,$199.26 ,$194.67 ,$199.02 ,"$64,044,900.00 "
8/13/2024,$207.83 ,$208.49 ,$197.06 ,$198.47 ,"$76,247,400.00 "
8/14/2024,$201.38 ,$208.44 ,$198.75 ,$207.39 ,"$70,250,000.00 "
8/15/2024,$214.14 ,$215.88 ,$204.82 ,$205.02 ,"$89,848,500.00 "
8/16/2024,$216.12 ,$219.80 ,$210.80 ,$211.15 ,"$88,765,100.00 "
8/19/2024,$222.72 ,$222.98 ,$214.09 ,$217.07 ,"$76,435,200.00 "
8/20/2024,$221.10 ,$228.22 ,$219.56 ,$224.88 ,"$74,001,200.00 "
8/21/2024,$223.27 ,$224.66 ,$218.86 ,$222.67 ,"$70,146,000.00 "
8/22/2024,$210.66 ,$224.80 ,$210.32 ,$223.82 ,"$79,514,500.00 "
8/23/2024,$220.32 ,$221.48 ,$214.21 ,$214.46 ,"$81,525,200.00 "
8/26/2024,$213.21 ,$219.09 ,$211.01 ,$218.75 ,"$59,301,200.00 "
8/27/2024,$209.21 ,$215.66 ,$206.94 ,$213.25 ,"$62,821,400.00 "
8/28/2024,$205.75 ,$211.84 ,$202.59 ,$209.72 ,"$64,116,400.00 "
8/29/2024,$206.28 ,$214.89 ,$205.97 ,$209.80 ,"$62,308,800.00 "
8/30/2024,$214.11 ,$214.57 ,$207.03 ,$208.63 ,"$63,370,600.00 "
9/3/2024,$210.60 ,$219.90 ,$209.64 ,$215.26 ,"$76,714,200.00 "
9/4/2024,$219.41 ,$222.22 ,$210.57 ,$210.59 ,"$80,651,800.00 "
9/5/2024,$230.17 ,$235.00 ,$222.25 ,$223.49 ,"$119,355,000.00 "
9/6/2024,$210.73 ,$233.60 ,$210.51 ,$232.60 ,"$112,177,000.00 "
9/9/2024,$216.27 ,$219.87 ,$213.67 ,$216.20 ,"$67,443,500.00 "
9/10/2024,$226.17 ,$226.40 ,$218.64 ,$220.07 ,"$78,891,100.00 "
9/11/2024,$228.13 ,$228.47 ,$216.80 ,$224.55 ,"$83,548,600.00 "
9/12/2024,$229.81 ,$231.45 ,$223.83 ,$224.66 ,"$71,894,900.00 "
9/13/2024,$230.29 ,$232.67 ,$226.32 ,$228.00 ,"$59,515,100.00 "
9/16/2024,$226.78 ,$229.96 ,$223.53 ,$229.30 ,"$54,323,000.00 "
9/17/2024,$227.87 ,$234.57 ,$226.55 ,$229.45 ,"$66,761,600.00 "
9/18/2024,$227.20 ,$235.68 ,$226.88 ,$230.09 ,"$78,010,200.00 "
9/19/2024,$243.92 ,$244.24 ,$232.13 ,$234.00 ,"$102,694,600.00 "
9/20/2024,$238.25 ,$243.99 ,$235.92 ,$241.52 ,"$99,879,100.00 "
9/23/2024,$250.00 ,$250.00 ,$241.92 ,$242.61 ,"$86,927,200.00 "
9/24/2024,$254.27 ,$257.19 ,$249.05 ,$254.08 ,"$88,491,000.00 "
9/25/2024,$257.02 ,$257.05 ,$252.28 ,$252.54 ,"$65,034,300.00 "
9/26/2024,$254.22 ,$261.75 ,$251.53 ,$260.60 ,"$67,142,200.00 "
9/27/2024,$260.46 ,$260.70 ,$254.12 ,$257.38 ,"$70,988,100.00 "
9/30/2024,$261.63 ,$264.86 ,$255.77 ,$259.04 ,"$80,705,700.00 "
10/1/2024,$258.02 ,$263.98 ,$248.53 ,$262.67 ,"$87,397,600.00 "
10/2/2024,$249.02 ,$251.16 ,$241.50 ,$247.55 ,"$93,983,900.00 "
10/3/2024,$240.66 ,$249.79 ,$237.81 ,$244.48 ,"$80,729,200.00 "
10/4/2024,$250.08 ,$250.96 ,$244.58 ,$246.69 ,"$86,573,200.00 "
10/7/2024,$240.83 ,$249.83 ,$240.70 ,$249.00 ,"$68,113,300.00 "
10/8/2024,$244.50 ,$246.21 ,$240.56 ,$243.56 ,"$56,303,200.00 "
10/9/2024,$241.05 ,$247.43 ,$239.51 ,$243.82 ,"$66,289,500.00 "
10/10/2024,$238.77 ,$242.79 ,$232.34 ,$241.81 ,"$83,087,100.00 "
10/11/2024,$217.80 ,$223.34 ,$214.38 ,$220.13 ,"$142,628,900.00 "
10/14/2024,$219.16 ,$221.91 ,$213.74 ,$220.13 ,"$86,291,900.00 "
10/15/2024,$219.57 ,$224.26 ,$217.12 ,$220.01 ,"$62,988,800.00 "
10/16/2024,$221.33 ,$222.82 ,$218.93 ,$221.40 ,"$49,632,800.00 "
10/17/2024,$220.89 ,$222.08 ,$217.90 ,$221.59 ,"$50,791,800.00 "
10/18/2024,$220.70 ,$222.28 ,$219.23 ,$220.71 ,"$49,611,900.00 "
10/21/2024,$218.85 ,$220.48 ,$215.73 ,$218.90 ,"$47,329,000.00 "
10/22/2024,$217.97 ,$218.22 ,$215.26 ,$217.31 ,"$43,268,700.00 "
10/23/2024,$213.65 ,$218.72 ,$212.11 ,$217.13 ,"$80,938,900.00 "
10/24/2024,$260.48 ,$262.12 ,$242.65 ,$244.68 ,"$204,491,900.00 "
10/25/2024,$269.19 ,$269.49 ,$255.32 ,$256.01 ,"$161,611,900.00 "
10/28/2024,$262.51 ,$273.54 ,$262.24 ,$270.00 ,"$107,653,600.00 "
10/29/2024,$259.52 ,$264.98 ,$255.51 ,$264.51 ,"$80,521,800.00 "
10/30/2024,$257.55 ,$263.35 ,$255.82 ,$258.04 ,"$53,993,600.00 "
10/31/2024,$249.85 ,$259.75 ,$249.25 ,$257.99 ,"$66,575,300.00 "
11/1/2024,$248.98 ,$254.00 ,$246.63 ,$252.04 ,"$57,544,800.00 "
11/4/2024,$242.84 ,$248.90 ,$238.88 ,$244.56 ,"$68,802,400.00 "
11/5/2024,$251.44 ,$255.28 ,$246.21 ,$247.34 ,"$69,282,500.00 "
11/6/2024,$288.53 ,$289.59 ,$275.62 ,$284.67 ,"$165,228,700.00 "
11/7/2024,$296.91 ,$299.75 ,$285.52 ,$288.89 ,"$117,309,200.00 "
11/8/2024,$321.22 ,$328.71 ,$297.66 ,$299.14 ,"$204,782,800.00 "
11/11/2024,$350.00 ,$358.64 ,$336.00 ,$346.30 ,"$210,521,600.00 "
11/12/2024,$328.49 ,$345.84 ,$323.31 ,$342.74 ,"$155,726,000.00 "
11/13/2024,$330.24 ,$344.60 ,$322.50 ,$335.85 ,"$125,405,600.00 "
11/14/2024,$311.18 ,$329.98 ,$310.37 ,$327.69 ,"$120,726,100.00 "
11/15/2024,$320.72 ,$324.68 ,$309.22 ,$310.57 ,"$114,440,300.00 "
11/18/2024,$338.74 ,$348.55 ,$330.01 ,$340.73 ,"$126,085,600.00 "
11/19/2024,$346.00 ,$347.38 ,$332.75 ,$335.76 ,"$88,852,500.00 "
11/20/2024,$342.03 ,$346.60 ,$334.30 ,$345.00 ,"$66,340,700.00 "
11/21/2024,$339.64 ,$347.99 ,$335.28 ,$343.81 ,"$58,011,700.00 "
11/22/2024,$352.56 ,$361.53 ,$337.70 ,$341.09 ,"$89,140,700.00 "
11/25/2024,$338.59 ,$361.93 ,$338.20 ,$360.14 ,"$95,890,900.00 "
11/26/2024,$338.23 ,$346.96 ,$335.66 ,$341.00 ,"$62,295,900.00 "
11/27/2024,$332.89 ,$342.55 ,$326.59 ,$341.80 ,"$57,896,400.00 "
11/29/2024,$345.16 ,$345.45 ,$334.65 ,$336.08 ,"$37,167,600.00 "
12/2/2024,$357.09 ,$360.00 ,$351.15 ,$352.38 ,"$77,986,500.00 "
12/3/2024,$351.42 ,$355.69 ,$348.20 ,$351.80 ,"$58,267,200.00 "
12/4/2024,$357.93 ,$358.10 ,$348.60 ,$353.00 ,"$50,810,900.00 "
12/5/2024,$369.49 ,$375.43 ,$359.50 ,$359.87 ,"$81,403,600.00 "
12/6/2024,$389.22 ,$389.49 ,$370.80 ,$377.42 ,"$81,455,800.00 "
12/9/2024,$389.79 ,$404.80 ,$378.01 ,$397.61 ,"$96,359,200.00 "
12/10/2024,$400.99 ,$409.73 ,$390.85 ,$392.68 ,"$97,563,600.00 "
12/11/2024,$424.77 ,$424.88 ,$402.38 ,$409.70 ,"$104,287,600.00 "
12/12/2024,$418.10 ,$429.30 ,$415.00 ,$424.84 ,"$87,752,200.00 "
12/13/2024,$436.23 ,$436.30 ,$415.71 ,$420.00 ,"$89,000,200.00 "
12/16/2024,$463.02 ,$463.19 ,$436.15 ,$441.09 ,"$114,083,800.00 "
12/17/2024,$479.86 ,$483.99 ,$457.51 ,$475.90 ,"$131,223,000.00 "
12/18/2024,$440.13 ,$488.54 ,$427.01 ,$466.50 ,"$149,340,800.00 "
12/19/2024,$436.17 ,$456.36 ,$420.02 ,$451.88 ,"$118,566,100.00 "
12/20/2024,$421.06 ,$447.08 ,$417.64 ,$425.51 ,"$132,216,200.00 "
12/23/2024,$430.60 ,$434.51 ,$415.41 ,$431.00 ,"$72,698,100.00 "
12/24/2024,$462.28 ,$462.78 ,$435.14 ,$435.90 ,"$59,551,800.00 "
12/26/2024,$454.13 ,$465.33 ,$451.02 ,$465.16 ,"$76,366,400.00 "
12/27/2024,$431.66 ,$450.00 ,$426.50 ,$449.52 ,"$82,666,800.00 "
12/30/2024,$417.41 ,$427.00 ,$415.75 ,$419.40 ,"$64,941,000.00 "
12/31/2024,$403.84 ,$427.93 ,$402.54 ,$423.79 ,"$76,825,100.00 "
1/2/2025,$379.28 ,$392.73 ,$373.04 ,$390.10 ,"$109,710,700.00 "
1/3/2025,$410.44 ,$411.88 ,$379.45 ,$381.48 ,"$95,423,300.00 "
1/6/2025,$411.05 ,$426.43 ,$401.70 ,$423.20 ,"$85,516,500.00 "
1/7/2025,$394.36 ,$414.33 ,$390.00 ,$405.83 ,"$75,699,500.00 "
1/8/2025,$394.94 ,$402.50 ,$387.40 ,$392.95 ,"$73,038,800.00 "
1/10/2025,$394.74 ,$399.28 ,$377.29 ,$391.40 ,"$62,287,300.00 "
1/13/2025,$403.31 ,$403.79 ,$380.07 ,$383.21 ,"$67,580,500.00 "
1/14/2025,$396.36 ,$422.64 ,$394.54 ,$414.34 ,"$84,565,000.00 "
1/15/2025,$428.22 ,$429.80 ,$405.66 ,$409.90 ,"$81,375,500.00 "
1/16/2025,$413.82 ,$424.00 ,$409.13 ,$423.49 ,"$68,335,200.00 "
1/17/2025,$426.50 ,$439.74 ,$419.75 ,$421.50 ,"$94,991,400.00 "
1/21/2025,$424.07 ,$433.20 ,$406.31 ,$432.64 ,"$87,320,900.00 "
1/22/2025,$415.11 ,$428.00 ,$414.59 ,$416.81 ,"$60,963,300.00 "
1/23/2025,$412.38 ,$420.73 ,$408.95 ,$416.06 ,"$50,690,600.00 "
1/24/2025,$406.58 ,$418.88 ,$405.78 ,$414.45 ,"$56,427,100.00 "
1/27/2025,$397.15 ,$406.69 ,$389.00 ,$394.80 ,"$58,125,500.00 "
1/28/2025,$398.09 ,$400.59 ,$386.50 ,$396.91 ,"$48,910,700.00 "
1/29/2025,$389.10 ,$398.59 ,$384.48 ,$395.21 ,"$68,033,600.00 "
1/30/2025,$400.28 ,$412.50 ,$384.41 ,$410.78 ,"$98,092,900.00 "
1/31/2025,$404.60 ,$419.99 ,$401.34 ,$401.53 ,"$83,283,600.00 "
2/3/2025,$383.68 ,$389.17 ,$374.36 ,$386.68 ,"$93,732,100.00 "
2/4/2025,$392.21 ,$394.00 ,$381.40 ,$382.63 ,"$57,072,200.00 "
2/5/2025,$378.17 ,$388.39 ,$375.53 ,$387.51 ,"$57,223,300.00 "
2/6/2025,$374.32 ,$375.40 ,$363.18 ,$373.03 ,"$77,918,200.00 "
2/7/2025,$361.62 ,$380.55 ,$360.34 ,$370.19 ,"$70,298,300.00 "
2/10/2025,$350.73 ,$362.70 ,$350.51 ,$356.21 ,"$77,514,900.00 "
2/11/2025,$328.50 ,$349.37 ,$325.10 ,$345.80 ,"$118,543,400.00 "
2/12/2025,$336.51 ,$346.40 ,$329.12 ,$329.94 ,"$105,382,700.00 "
2/13/2025,$355.94 ,$358.69 ,$342.85 ,$345.00 ,"$89,441,500.00 "
2/14/2025,$355.84 ,$362.00 ,$347.50 ,$360.62 ,"$68,277,300.00 "
2/18/2025,$354.11 ,$359.10 ,$350.02 ,$355.01 ,"$51,631,700.00 "
2/19/2025,$360.56 ,$367.34 ,$353.67 ,$354.00 ,"$67,094,400.00 "
2/20/2025,$354.40 ,$362.30 ,$348.00 ,$361.51 ,"$45,965,400.00 "
2/21/2025,$337.80 ,$354.98 ,$334.42 ,$353.44 ,"$74,058,600.00 "
2/24/2025,$330.53 ,$342.40 ,$324.70 ,$338.14 ,"$76,052,300.00 "
2/25/2025,$302.80 ,$328.89 ,$297.25 ,$327.02 ,"$134,228,800.00 "
2/26/2025,$290.80 ,$309.00 ,$288.04 ,$303.71 ,"$100,118,300.00 "
2/27/2025,$281.95 ,$297.23 ,$280.88 ,$291.16 ,"$101,748,200.00 "
2/28/2025,$292.98 ,$293.88 ,$273.60 ,$279.50 ,"$115,697,000.00 "
3/3/2025,$284.65 ,$303.94 ,$277.30 ,$300.34 ,"$115,551,400.00 "
3/4/2025,$272.04 ,$284.35 ,$261.84 ,$270.93 ,"$126,706,600.00 "
3/5/2025,$279.10 ,$279.55 ,$267.71 ,$272.92 ,"$94,042,900.00 "
3/6/2025,$263.45 ,$272.65 ,$260.02 ,$272.06 ,"$98,451,600.00 "
3/7/2025,$262.67 ,$266.25 ,$250.73 ,$259.32 ,"$102,369,600.00 "
3/10/2025,$222.15 ,$253.37 ,$220.00 ,$252.54 ,"$189,076,900.00 "
3/11/2025,$230.58 ,$237.06 ,$217.02 ,$225.31 ,"$174,896,400.00 "
3/12/2025,$248.09 ,$251.84 ,$241.10 ,$247.22 ,"$142,215,700.00 "
3/13/2025,$240.68 ,$248.29 ,$232.60 ,$248.13 ,"$114,813,500.00 "
3/14/2025,$249.98 ,$251.58 ,$240.73 ,$247.31 ,"$100,242,300.00 "
3/17/2025,$238.01 ,$245.40 ,$232.80 ,$245.06 ,"$111,900,600.00 "
3/18/2025,$225.31 ,$230.10 ,$222.28 ,$228.16 ,"$111,477,600.00 "
3/19/2025,$235.86 ,$241.41 ,$229.20 ,$231.61 ,"$111,993,800.00 "
3/20/2025,$236.26 ,$238.00 ,$230.05 ,$233.35 ,"$99,028,300.00 "
3/21/2025,$248.71 ,$249.52 ,$234.55 ,$234.99 ,"$132,728,700.00 "
3/24/2025,$278.39 ,$278.64 ,$256.33 ,$258.08 ,"$169,079,900.00 "
3/25/2025,$288.14 ,$288.20 ,$271.28 ,$283.60 ,"$150,361,500.00 "
3/26/2025,$272.06 ,$284.90 ,$266.51 ,$282.66 ,"$153,629,800.00 "
3/27/2025,$273.13 ,$291.85 ,$271.82 ,$272.48 ,"$162,572,100.00 "
3/28/2025,$263.55 ,$276.10 ,$260.57 ,$275.58 ,"$123,809,400.00 "
3/31/2025,$259.16 ,$260.56 ,$243.36 ,$249.31 ,"$134,008,900.00 "
4/1/2025,$268.46 ,$277.45 ,$259.25 ,$263.80 ,"$146,486,900.00 "
4/2/2025,$282.76 ,$284.99 ,$251.27 ,$254.60 ,"$212,787,800.00 "
4/3/2025,$267.28 ,$276.30 ,$261.51 ,$265.29 ,"$136,174,300.00 "
4/4/2025,$239.43 ,$261.00 ,$236.00 ,$255.38 ,"$181,229,400.00 "
4/7/2025,$233.29 ,$252.00 ,$214.25 ,$223.78 ,"$183,453,800.00 "
4/8/2025,$221.86 ,$250.44 ,$217.80 ,$245.00 ,"$171,603,500.00 "
4/9/2025,$272.20 ,$274.69 ,$223.88 ,$224.69 ,"$219,433,400.00 "
4/10/2025,$252.40 ,$262.49 ,$239.33 ,$260.00 ,"$181,722,600.00 "
4/11/2025,$252.31 ,$257.74 ,$241.36 ,$251.84 ,"$128,948,100.00 "
4/14/2025,$252.35 ,$261.80 ,$245.93 ,$258.36 ,"$100,135,200.00 "
4/15/2025,$254.11 ,$258.75 ,$247.54 ,$249.91 ,"$79,594,300.00 "
4/16/2025,$241.55 ,$251.97 ,$233.89 ,$247.61 ,"$112,378,700.00 "
4/17/2025,$241.37 ,$244.34 ,$237.68 ,$243.47 ,"$83,404,800.00 "
4/21/2025,$227.50 ,$232.21 ,$222.79 ,$230.26 ,"$97,768,000.00 "
4/22/2025,$237.97 ,$242.79 ,$229.85 ,$230.96 ,"$120,858,500.00 "
4/23/2025,$250.74 ,$259.45 ,$244.43 ,$254.86 ,"$150,381,900.00 "
4/24/2025,$259.51 ,$259.54 ,$249.20 ,$250.50 ,"$94,464,200.00 "
4/25/2025,$284.95 ,$286.85 ,$259.63 ,$261.69 ,"$167,560,700.00 "
4/28/2025,$285.88 ,$294.86 ,$272.42 ,$288.98 ,"$151,731,800.00 "
4/29/2025,$292.03 ,$293.32 ,$279.47 ,$285.50 ,"$108,906,600.00 "
4/30/2025,$282.16 ,$284.45 ,$270.78 ,$279.90 ,"$128,961,100.00 "
5/1/2025,$280.52 ,$290.87 ,$279.81 ,$280.01 ,"$99,659,000.00 "
5/2/2025,$287.21 ,$294.78 ,$279.81 ,$284.90 ,"$114,454,700.00 "
5/5/2025,$280.26 ,$284.85 ,$274.40 ,$284.57 ,"$94,618,900.00 "
5/6/2025,$275.35 ,$277.73 ,$271.35 ,$273.11 ,"$76,715,800.00 "
5/7/2025,$276.22 ,$277.92 ,$271.00 ,$276.88 ,"$71,592,600.00 "
5/8/2025,$284.82 ,$289.80 ,$279.41 ,$279.63 ,"$97,539,400.00 "
5/9/2025,$298.26 ,$307.04 ,$290.00 ,$290.21 ,"$132,387,800.00 "
5/12/2025,$318.38 ,$322.21 ,$311.50 ,$321.99 ,"$112,826,700.00 "
5/13/2025,$334.07 ,$337.59 ,$316.80 ,$320.00 ,"$136,992,600.00 "
5/14/2025,$347.68 ,$350.00 ,$337.00 ,$342.50 ,"$136,997,300.00 "
5/15/2025,$342.82 ,$346.14 ,$334.72 ,$340.34 ,"$97,882,600.00 "
5/16/2025,$349.98 ,$351.62 ,$342.33 ,$346.24 ,"$95,895,700.00 "
5/19/2025,$342.09 ,$343.00 ,$333.37 ,$336.30 ,"$88,869,900.00 "
5/20/2025,$343.82 ,$354.99 ,$341.63 ,$347.87 ,"$131,715,500.00 "
5/21/2025,$334.62 ,$347.35 ,$332.20 ,$344.43 ,"$102,354,800.00 "
5/22/2025,$341.04 ,$347.27 ,$331.39 ,$331.90 ,"$97,113,400.00 "
5/23/2025,$339.34 ,$343.18 ,$333.21 ,$337.92 ,"$84,654,800.00 "
5/27/2025,$362.89 ,$363.79 ,$347.32 ,$347.35 ,"$120,146,400.00 "
5/28/2025,$356.90 ,$365.00 ,$355.91 ,$364.84 ,"$91,404,300.00 "
5/29/2025,$358.43 ,$367.71 ,$356.00 ,$365.29 ,"$88,087,800.00 "
5/30/2025,$346.46 ,$363.68 ,$345.29 ,$355.52 ,"$123,474,900.00 "
6/2/2025,$342.69 ,$348.02 ,$333.33 ,$343.50 ,"$81,873,800.00 "
6/3/2025,$344.27 ,$355.40 ,$343.04 ,$346.60 ,"$99,324,500.00 "
6/4/2025,$332.05 ,$345.60 ,$327.33 ,$345.10 ,"$98,912,100.00 "
6/5/2025,$284.70 ,$324.55 ,$273.21 ,$322.49 ,"$287,499,800.00 "
6/6/2025,$295.14 ,$305.50 ,$291.14 ,$298.83 ,"$164,747,700.00 "
6/9/2025,$308.58 ,$309.83 ,$281.85 ,$285.96 ,"$140,908,900.00 "
6/10/2025,$326.09 ,$327.83 ,$310.67 ,$314.94 ,"$151,256,500.00 "
6/11/2025,$326.43 ,$335.50 ,$322.50 ,$334.40 ,"$122,611,400.00 "
6/12/2025,$319.11 ,$332.56 ,$316.86 ,$323.08 ,"$105,127,500.00 "
6/13/2025,$325.31 ,$332.99 ,$313.30 ,$313.97 ,"$128,964,300.00 "
6/16/2025,$329.13 ,$332.05 ,$326.41 ,$331.29 ,"$83,925,900.00 "
6/17/2025,$316.35 ,$327.26 ,$314.74 ,$326.09 ,"$88,282,700.00 "
6/18/2025,$322.05 ,$329.32 ,$315.45 ,$317.31 ,"$95,137,700.00 "
6/20/2025,$322.16 ,$332.36 ,$317.78 ,$327.95 ,"$108,688,000.00 "
6/23/2025,$348.68 ,$357.54 ,$327.48 ,$327.54 ,"$190,716,800.00 "
6/24/2025,$340.47 ,$356.26 ,$340.44 ,$356.17 ,"$114,736,200.00 "
6/25/2025,$327.55 ,$343.00 ,$320.40 ,$342.70 ,"$119,845,100.00 "
6/26/2025,$325.78 ,$331.05 ,$323.61 ,$324.61 ,"$80,440,900.00 "
6/27/2025,$323.63 ,$329.34 ,$317.50 ,$324.51 ,"$89,067,000.00 "
6/30/2025,$317.66 ,$325.58 ,$316.60 ,$319.90 ,"$76,695,100.00 "
7/1/2025,$300.71 ,$305.89 ,$293.21 ,$298.46 ,"$145,085,700.00 "
7/2/2025,$315.65 ,$316.83 ,$303.82 ,$312.63 ,"$119,483,700.00 "
7/3/2025,$315.35 ,$318.45 ,$312.76 ,$317.99 ,"$58,042,300.00 "
7/7/2025,$293.94 ,$296.15 ,$288.77 ,$291.37 ,"$131,177,900.00 "
7/8/2025,$297.81 ,$304.05 ,$294.35 ,$297.00 ,"$103,246,700.00 "
7/9/2025,$295.88 ,$300.15 ,$293.55 ,$297.55 ,"$75,586,800.00 "
7/10/2025,$309.87 ,$310.48 ,$300.00 ,$300.05 ,"$104,365,300.00 "
7/11/2025,$313.51 ,$314.09 ,$305.65 ,$307.89 ,"$79,236,400.00 "
7/14/2025,$316.90 ,$322.60 ,$312.67 ,$317.73 ,"$78,043,400.00 "
7/15/2025,$310.78 ,$321.20 ,$310.50 ,$319.68 ,"$77,556,300.00 "
7/16/2025,$321.67 ,$323.50 ,$312.62 ,$312.80 ,"$97,284,800.00 "
7/17/2025,$319.41 ,$324.34 ,$317.06 ,$323.15 ,"$73,922,900.00 "
7/18/2025,$329.65 ,$330.90 ,$321.42 ,$321.66 ,"$94,010,900.00 "
